CompYearlyUSD_true,CompYearlyUSD_pred
129506.0,92296.59409030252
116015.0,86045.95626361357
37125.0,49555.180955585725
160508.0,100092.66193828607
131000.0,129001.88270497984
185000.0,151673.07918104305
221064.0,139529.57766968495
400000.0,155259.28667600048
115000.0,141027.58624596306
65663.0,63645.119408954764
120000.0,144548.4307834964
69609.0,29014.868590667258
46406.0,64304.177083146606
110000.0,84250.42065865963
45000.0,54609.546711309646
46406.0,45037.79194578836
40605.0,39393.41671199565
8428.0,10578.29398239071
109438.0,88867.57748712765
81210.0,85532.95979637963
250000.0,188500.47076162993
207000.0,192741.14872600604
142754.0,37252.24078718099
46406.0,51361.98400491692
109438.0,100643.83819800951
95000.0,162335.55606021557
54457.0,39222.03072403652
70794.0,88769.92338207609
92812.0,63681.28803068429
3145.0,32949.953953467535
136392.0,122676.96622588566
105000.0,144548.4307834964
176984.0,117335.75482024091
330000.0,188430.79445154205
87011.0,75587.70043778735
232029.0,144949.41739499642
124416.0,114764.29994633005
174022.0,74146.85868853741
75877.0,95056.84476284841
220000.0,151673.07918104305
107848.0,29517.431954043484
58007.0,54192.818735043664
97514.0,102203.11407316598
55687.0,101366.61329923298
131500.0,151265.63671315482
77000.0,144196.0214790888
156000.0,48116.474875481974
14331.0,16439.369003458512
69609.0,72803.33582253077
175000.0,161248.69144675418
62678.0,34904.23060391226
14687.0,40993.64953197352
60328.0,72701.01375417865
193321.0,117335.75482024091
31324.0,45741.444833249654
46419.0,44514.868076564744
79223.0,91919.11271618803
55000.0,35920.644242252485
95596.0,41012.67243882214
58007.0,28091.56165351431
70000.0,179994.58304958147
150000.0,143005.63771350932
163370.0,100946.9800387984
159000.0,126205.74282084772
162523.0,128347.11267848815
150000.0,145757.88333675373
145000.0,151265.63671315482
276325.0,175527.91522309263
61264.0,74201.29675492118
81685.0,115871.08723797576
104413.0,75140.65359717632
83531.0,26725.48296402154
90000.0,120440.49454769051
11043.0,35833.084623609546
212750.0,209980.18689075313
100000.0,129108.44680418566
36197.0,42250.175401065295
80000.0,111909.99073217777
290037.0,123710.46977238367
110000.0,156817.69978351027
153131.0,146066.30726300165
208928.0,60000.13236850771
106918.0,81058.38585241894
136141.0,106382.4844662299
198389.0,165033.82156428945
110516.0,158237.14350592816
57000.0,31772.969878499473
63808.0,58800.52490077408
81210.0,67727.55160800826
33644.0,31381.60612012966
300000.0,172993.85140166953
102142.0,91533.23020103062
136141.0,130990.37735520524
65663.0,86257.19389002815
360000.0,36004.152103752036
88492.0,105359.61561391379
30222.0,25542.090049704286
19485.0,21629.590543385028
185000.0,134193.2770317351
150000.0,186670.48293960746
146750.0,75815.36765874687
116733.0,114259.62324382237
53021.0,33121.7388941608
15082.0,30620.033451764386
2121.0,27985.988545005617
56226.0,65094.23478164536
1291.0,2695.0394943398232
73520.0,51742.87342883472
150000.0,198344.6824243395
87011.0,47609.980602584634
73536.0,140377.47913897835
45073.0,39805.104502871596
150000.0,115615.18851708157
136520.0,96985.35929661845
169000.0,79833.82277781251
150819.0,95768.47552131036
120000.0,133141.69587385788
190598.0,86243.00800835456
156620.0,84606.87875173795
7952.0,147162.96633181203
81210.0,49351.57044824808
110214.0,87024.03451038143
29867.0,21976.362722346275
35477.0,41492.19283532653
80050.0,91472.22818264786
185000.0,153346.13083240128
69744.0,11152.944267780465
68267.0,48528.37363321307
45464.0,36700.83804294706
32547.0,5203.963572349369
193000.0,117981.78314898541
95000.0,149138.3585146056
290000.0,187592.4873876329
60235.0,93532.69532194384
30164.0,31405.710392667712
52207.0,69234.74549823428
69609.0,85214.37621023376
85739.0,39038.205856619796
40935.0,54284.5205604649
10462.0,13080.498247465623
49150.0,61487.43299405068
34804.0,25148.428681189795
70000.0,87514.71613884212
9600.0,21390.332642901267
136141.0,143669.6524368586
4100.0,99695.77185252227
234034.0,137073.2383915445
92812.0,84571.72792318331
60535.0,28748.885978228413
44776.0,47806.78161166126
50000.0,18467.201342199765
525000.0,191473.560861859
92812.0,59554.84124105467
4059.0,20048.171771281104
118324.0,33329.17300102266
120000.0,140460.66042223686
79829.0,78462.26979701874
52530.0,79738.69505420442
112334.0,62034.004194767236
270000.0,169405.63972434215
61264.0,57287.14477513202
94235.0,80921.78310326877
165000.0,152079.74597345156
6974.0,14597.739504687199
8400.0,28603.061129783513
177000.0,151673.07918104305
150000.0,122406.04117579303
41765.0,21835.392504649088
2950.0,3151.554568199303
4246.0,36119.905878614416
54457.0,116111.15048261627
65634.0,58445.67946287405
130000.0,93196.1075694134
86000.0,56119.53556867917
16855.0,12201.173232515916
96292.0,111409.0143718276
293280.0,136511.93331021297
116015.0,94094.26202457827
70040.0,76423.57618769862
87011.0,110538.90820533092
114359.0,105131.94420466371
140000.0,141425.39026213784
75410.0,82177.26014940906
105790.0,98089.68621599456
127616.0,102800.6551617518
135000.0,151265.63671315482
102106.0,115575.96641277948
36479.0,71060.50427880988
64570.0,53018.62066916584
48000.0,36557.98329024009
104413.0,79857.3293223528
136141.0,100176.25204862932
53367.0,62418.53797385563
120917.0,109336.57132603132
92000.0,149138.3585146056
20883.0,25711.469288542925
85812.0,99468.95216529645
11983.0,14242.808353466886
50606.0,45982.77720639387
96000.0,77040.05260252063
71929.0,67759.26179761949
69609.0,61998.84092769504
4641.0,70541.27267626052
88171.0,90906.62067435984
68449.0,72016.24576518005
105790.0,89764.3413250881
30000.0,14305.555094791547
110214.0,98343.09134599309
192500.0,151673.07918104305
127616.0,81166.27969590903
135000.0,151805.91000283835
400000.0,136028.0730648304
44086.0,33860.95033100794
139218.0,104283.17329154852
16374.0,15358.682820630273
135000.0,134153.941189173
58367.0,92565.3741478628
127616.0,86471.09089601872
28511.0,33535.475073662354
534640.0,123500.63255945484
12624.0,26220.359396673248
104413.0,82908.35814075179
43775.0,48088.34297417998
116015.0,113481.4108131639
107552.0,103486.0552804199
217729.0,114141.71166317654
125296.0,76979.91689837356
83902.0,85168.43926514713
164720.0,95304.07456009087
188527.0,116533.01993572441
85000.0,84233.75451017167
52207.0,71078.11133551471
330000.0,57381.07616688259
73089.0,83589.62002082099
42885.0,34420.24366498591
6553.0,57994.336637818684
20883.0,72210.40996013606
80254.0,98333.09648130604
69609.0,16905.412805086216
27306.0,24068.46942620993
94618.0,103860.63006008098
18950.0,39280.86180412515
1872.0,31197.755020415207
83183.0,110537.94836622111
130193.0,105265.60348431916
60038.0,51155.69722280618
2790.0,46730.09697166561
59620.0,63217.693788485194
92812.0,72178.07909829884
100000.0,103343.18906876569
127616.0,79374.21464098665
138000.0,108223.33655809266
34804.0,46908.503406371514
176984.0,105824.18017660693
445000.0,144548.4307834964
55687.0,61103.03935586864
44586.0,41802.474558767346
300000.0,209701.81409766478
20883.0,54274.46601368749
13949.0,7130.990899099189
19761.0,10338.36256521814
109750.0,80631.43863961232
8137.0,7987.300601054885
38598.0,35542.31537134609
1483.0,10967.470928177567
8137.0,7455.627401023422
124029.0,46717.25841047866
74120.0,114143.41612170752
2651.0,13356.175350450523
30946.0,31475.796167784123
15344.0,18784.295114769233
210788.0,162100.9288340638
55687.0,67702.13187554572
162523.0,128643.42180456048
146000.0,130110.95808277385
104413.0,93024.95185413967
104413.0,56430.255364240766
150000.0,143297.6296053148
110214.0,104286.40831393171
129936.0,111195.19610406875
109438.0,97092.91905023546
89000.0,111909.99073217777
28772.0,39190.59477215958
122527.0,143669.6524368586
23203.0,80590.17528327898
55448.0,56291.04414775415
141188.0,151417.57698001352
63808.0,56962.37476693476
14544.0,14586.767148565415
27109.0,12106.08615823747
104413.0,77268.60863785674
175000.0,121924.9347167743
110214.0,62339.69219328047
63500.0,125654.62537714902
92812.0,126076.9107635031
84003.0,85978.79542353688
92812.0,72159.87703699102
139218.0,55746.16692131433
200000.0,159367.038288484
40605.0,24787.032427252405
185310.0,66174.13770203934
223187.0,162790.7310369715
120000.0,196287.8137379297
400000.0,151805.91000283835
122527.0,72667.80069894205
83314.0,67117.2864720947
280000.0,142049.37723054396
136141.0,118410.50435461069
92812.0,62429.57655676696
122753.0,88855.78149977172
39795.0,43830.8442150014
27844.0,24332.219149661392
115720.0,99096.74477660347
162421.0,77323.86943280269
63808.0,69234.74549823428
196000.0,134832.33028499442
7190.0,13804.610813758078
100933.0,95235.04810785232
46406.0,56962.37476693476
183791.0,149756.61784710467
122527.0,100272.75166992322
6902.0,12855.15212116907
175000.0,125146.72910363284
171000.0,176223.76516223294
96292.0,62654.48120014281
69609.0,65388.98821380029
117893.0,65391.192414526035
175000.0,165543.52026335258
136141.0,91827.93331898545
125000.0,135735.5994231083
46406.0,48926.161743231605
80514.0,34777.205060744454
160000.0,184739.66650877704
16274.0,9110.689430517443
86750.0,41844.1690299281
63452.0,29941.143563306614
135000.0,151673.07918104305
87550.0,94123.39991356041
139218.0,115865.66372585401
204212.0,89346.85940528386
116015.0,75922.40644295109
12536.0,13068.960972753637
155195.0,139691.99906734366
49744.0,45705.86634857008
150000.0,163429.02042421972
46406.0,51910.645888220206
117168.0,132041.60169825613
3554.0,2609.8106114909115
58975.0,38471.5526028615
79911.0,85213.64376917368
54457.0,83146.08251500336
51975.0,58180.99581976351
19350.0,15146.18445002644
116015.0,68007.48939385299
15082.0,29996.897506288053
46656.0,91494.22690359577
159000.0,180867.4431165289
150000.0,135312.24910101265
44000.0,47727.44045435855
43412.0,33557.95100566298
63808.0,55946.42985063162
58007.0,37592.95194208507
107068.0,147323.94058504282
3510.0,29894.230066087257
93312.0,110486.069423152
55687.0,62978.38715289273
17402.0,30565.371432083997
123518.0,97961.21209107272
53633.0,61083.09052455639
136000.0,129774.0859607946
68924.0,37303.49292261906
130000.0,142434.71127757852
63808.0,45764.609265401865
145018.0,97740.20826276505
71929.0,59887.03970709093
29004.0,29698.788557340533
89751.0,92925.39427709658
89098.0,87099.07536198197
139218.0,143445.7506251098
22755.0,27515.85923559303
24029.0,46109.34171094544
156022.0,109198.14455170635
61759.0,110442.24719605064
87550.0,95012.0484050193
51046.0,57968.289104811534
81210.0,58925.27377459247
23404.0,17448.904106071266
125000.0,113205.57464141247
5209.0,7993.7553856224895
180000.0,195486.68324736823
1092.0,24285.78703597259
87011.0,59862.93156194995
45509.0,34935.18527426885
155521.0,103842.70366980894
69609.0,84426.83685297906
110000.0,125654.62537714902
104829.0,93041.8830730392
120000.0,162541.33338867303
53367.0,58628.901092982436
81713.0,68025.30305022246
88243.0,121127.78794002763
41765.0,63911.35979900376
83200.0,54187.54884566857
160272.0,151265.63671315482
81318.0,90897.91214495379
250000.0,225807.7123002524
5231.0,7130.990899099189
210000.0,201171.08349980685
87011.0,95982.52287139812
39445.0,56387.4318711981
30000.0,22078.435421094782
62000.0,142228.41363469622
130000.0,84233.75451017167
15000.0,29782.982121090106
77372.0,101278.22926448417
48726.0,49491.35372861958
22100.0,27875.760005382625
185000.0,137258.08351819086
69609.0,82073.84483950694
69609.0,75218.40738141141
100000.0,12673.355015388559
49011.0,102258.65970463981
174022.0,60420.697594490084
39570.0,39042.86223534454
15480.0,9884.286082792176
42000.0,25688.648547880635
4192.0,13997.48374146905
52007.0,84690.16042990118
9076.0,69284.52677218686
149756.0,130051.01188424893
116015.0,117653.07898132777
71899.0,35227.5497742879
52207.0,43831.14178131968
4650.0,8498.558754515576
75925.0,23726.016193038977
155000.0,144548.4307834964
7000.0,44112.21365329196
18576.0,16636.328450733592
277000.0,192459.02523876465
104616.0,45344.64339682477
40253.0,37895.65796093459
13019.0,9321.914347872229
64968.0,58313.701579917506
4305.0,37777.89867562808
52308.0,28663.626597485323
138872.0,125146.9225707681
87550.0,91949.33832831988
62893.0,49017.82559562197
43775.0,47505.681216174235
60000.0,74415.8529400452
220000.0,151265.63671315482
80254.0,87974.4525399611
3997.0,13115.858936892517
55511.0,47958.44751019237
77730.0,90459.01999992893
223187.0,167213.72936302156
104015.0,110625.17888534625
15000.0,102353.65041739191
40605.0,41066.03559738696
139218.0,106098.8893915639
83531.0,31708.304992059446
165000.0,198200.84410997183
66128.0,83343.88159912336
200635.0,96047.51300194334
80000.0,145621.55362596008
139218.0,65097.466185388585
30164.0,92244.91079886699
92812.0,100780.93097295873
17436.0,20428.65619662689
185000.0,159770.56687918914
56847.0,63897.48610896869
56847.0,97316.30225788233
136141.0,119939.1345337328
104413.0,94042.03957994444
69609.0,42776.299165715594
69609.0,61738.1148703927
74878.0,62978.40772971022
174022.0,99855.87984547151
103354.0,103232.25479414656
182026.0,154977.68988965804
252000.0,155532.40068695054
42416.0,18751.792571508726
34804.0,68433.12519187873
1957.0,67434.89270986166
87011.0,86433.00329999247
115666.0,62608.54121238907
110794.0,114797.75741808713
92240.0,39710.92714014464
37125.0,50109.21156441488
73089.0,79249.87911653245
80254.0,75010.4419973553
104413.0,80710.68607481089
139218.0,90082.6246328597
350000.0,196730.02427336157
165000.0,203689.8373575266
79062.0,89799.2550539838
25021.0,19812.12534938102
49886.0,90302.82407139281
84568.0,51385.4854403902
75410.0,73190.82775016555
34804.0,44544.59091385038
127616.0,96486.98479312679
60328.0,60408.84392795789
4135.0,63717.1013399204
173590.0,166681.01757454514
111097.0,65212.290964618944
67289.0,77871.3085419753
69609.0,70544.8014609085
220000.0,143976.02141658036
108913.0,87706.42516887093
185000.0,98511.83022691391
97682.0,96768.31081524615
48000.0,85871.13542581705
42416.0,38475.41012174409
50000.0,31271.859056308662
28951.0,15985.317026871779
98612.0,56453.46636962348
139218.0,87573.93731376252
77098.0,59399.63127997345
102093.0,84908.99517383348
11581.0,11710.713220766653
400000.0,173650.65317967377
95132.0,62111.78815648949
116015.0,96273.085926171
105000.0,144196.0214790888
34544.0,50053.549369033855
5580.0,7987.300601054885
63808.0,86148.77861918336
69609.0,47194.781716737045
6069.0,67663.98184097951
102715.0,95089.71047469976
220000.0,151805.91000283835
80000.0,138344.80642124076
18204.0,16596.797683543886
87011.0,68524.52764509567
52207.0,52987.67594337534
127616.0,50194.66718793538
46406.0,57968.289104811534
91485.0,130455.88302223025
34325.0,96770.2476330336
140000.0,192741.14872600604
69609.0,54372.44462001222
67289.0,84571.72792318331
20883.0,34523.28545643941
95712.0,97533.46135009071
69609.0,66829.8893473133
91198.0,101092.47874331297
36407.0,42976.19617304807
140000.0,205021.13303610645
60328.0,50646.41532589766
140000.0,42732.56894942664
162523.0,109347.75636664833
9880.0,11427.953711464332
102000.0,98796.04357580909
170000.0,174893.8275094339
16002.0,28459.453182874775
120381.0,99199.78073962315
69609.0,67973.16536355187
120000.0,175527.91522309263
59307.0,70087.03355438058
93387.0,101091.23264911312
180000.0,189009.92878332039
89853.0,105131.94420466371
8137.0,8038.384159126958
139218.0,114199.20049280862
165000.0,108859.25802604406
88492.0,129259.2963373312
14563.0,11258.054293804993
300000.0,183771.0986332522
170000.0,212708.97191182434
27420.0,15104.388367700507
110000.0,158951.26799788396
13141.0,18607.099804726997
70000.0,45924.14502145127
136141.0,106598.21011226848
136000.0,124599.29328119525
112997.0,105770.01924032929
185623.0,82296.48777366173
85088.0,118558.977383977
37999.0,18542.34121285833
97452.0,65388.98821380029
6000.0,9531.300789874082
52207.0,80206.27711265144
31904.0,31418.36581865695
58587.0,85075.86021693495
58007.0,96928.58046983808
154000.0,185384.51627525722
61264.0,63251.39446590628
46406.0,43116.79819333063
48726.0,46067.17609933866
27290.0,16932.981655692387
115000.0,147776.0294487883
36407.0,39243.76310501295
125357.0,31509.96063605636
93387.0,82892.0721222083
58007.0,48806.75457050829
170177.0,99469.10774192394
110516.0,101223.01520810452
98612.0,127932.662517549
116015.0,74244.72662092296
4240.0,27099.95962902277
180000.0,202442.3607957896
9361.0,69354.08599738612
195000.0,142818.36731025943
104413.0,94560.18147740347
62015.0,78489.77988160875
80000.0,32627.947398373617
46406.0,65208.42565786124
90353.0,81981.51920176463
168000.0,154811.43573215808
17436.0,8373.994808583406
22086.0,34263.800513407725
1007.0,35301.23553464513
36000.0,21048.296131769985
131066.0,34661.858704762504
297000.0,162354.59986225146
110000.0,100844.85839462656
83531.0,78293.59917037676
91215.0,103860.63006008098
48726.0,46860.63849795504
41185.0,62886.069181232684
81318.0,69765.43212322114
83882.0,22234.547697814483
144000.0,189888.63793658852
300000.0,160536.14423016267
45964.0,34173.278039207995
552000.0,202790.0557319123
290037.0,104949.53349625232
136450.0,63739.56990491924
58007.0,89272.37351288028
60000.0,67847.1590808241
97514.0,100846.05059503953
185623.0,70951.22004546296
75410.0,76816.65040972039
1917.0,13425.749404235868
245055.0,97265.34865414619
115000.0,201017.02473449206
232544.0,196593.05438776116
93972.0,79244.13010063408
200000.0,168745.85569043932
51486.0,52328.44524991367
76484.0,91368.87156690376
67289.0,57033.392907832545
32484.0,67727.55160800826
300000.0,151805.91000283835
87550.0,85026.55977255576
92812.0,69494.4436772618
10000.0,176950.88717747407
52095.0,50517.039918594026
12000.0,5941.7673642510845
167000.0,107552.19160664381
180000.0,190524.02009655957
90000.0,186490.9885966027
167000.0,187597.02119491828
108000.0,139874.2754890541
58007.0,70075.44694855972
12396.0,5385.000203547465
105000.0,147182.17349598728
116464.0,82927.8622657306
83571.0,41160.14159433199
116015.0,52074.94636669565
76606.0,88585.94844876746
60328.0,36244.67524499769
114000.0,83100.07776356736
125000.0,69558.00367128594
40000.0,22669.27613059353
58946.0,53699.06333758716
29004.0,68484.20332494196
48726.0,91263.52914602414
80000.0,28457.448781286785
47566.0,39190.59477215958
101887.0,71173.46584163178
55748.0,62196.52343097591
160000.0,129703.33960580036
80000.0,89791.35015153633
50550.0,64843.69469352917
18557.0,34983.0538484453
29126.0,27115.98197825242
61239.0,30755.133547166868
250000.0,136145.21826735992
88492.0,95915.93017630902
187000.0,97029.58694864833
97511.0,93273.87271642304
58367.0,91533.23020103062
4539.0,60318.18147013181
85145.0,35376.87234387516
40842.0,85219.61192637104
145000.0,203234.34183797843
102093.0,53288.53532089703
62744.0,85660.12206817824
229819.0,107288.39365791497
125000.0,137444.8473406915
175000.0,173743.3704913051
50400.0,32442.197355934066
225000.0,102002.48895906415
81210.0,106278.63239792932
25987.0,23146.27805050959
141539.0,108812.05905532574
34804.0,64044.01757274307
41846.0,31436.59225310182
38981.0,68650.22680678863
1438.0,29394.03325014918
27290.0,48833.28147213168
121815.0,127641.8968449027
117459.0,84629.84413430044
46806.0,56061.343199325216
225000.0,193584.15096388725
81870.0,44161.34617097769
41765.0,34160.8162258681
4912.0,62317.32854504536
145000.0,151265.63671315482
160000.0,134153.941189173
69609.0,48259.97214215309
72154.0,64852.05226894204
145000.0,195718.03598765115
120000.0,105833.10620788098
100000.0,144913.63761438613
3225.0,28496.817195983233
91215.0,87331.06656245077
36407.0,34090.22139110464
69432.0,79679.77430462687
350000.0,187369.2937613358
38940.0,23626.628778382732
1698.0,18069.751745322017
116015.0,81643.82171981336
81210.0,41155.76317676045
260000.0,180640.65477572853
53989.0,61607.23271753139
45294.0,56615.41300211429
234028.0,47580.29843478089
69400.0,23278.256827980134
123993.0,103261.59484102952
34872.0,49739.06588201025
6974.0,24856.77485655209
120000.0,174453.12438874078
32484.0,46365.90960967177
220000.0,113200.41657625101
100000.0,54330.596281368395
19722.0,53632.433289218585
1937.0,6844.942575432643
54527.0,55579.709706469475
111975.0,101047.97721864577
79544.0,91356.12069115095
83857.0,69652.33530732708
81685.0,111290.89693936624
54000.0,43640.89329634281
81210.0,67727.55160800826
139218.0,142341.4844868526
103786.0,54967.557578618
78065.0,85599.81479685882
46406.0,79463.60171213339
220478.0,74450.7308282082
69609.0,44596.8185353376
69609.0,61524.823278079304
48726.0,42324.32612675056
27611.0,44596.087632416966
170603.0,140582.17947416613
110214.0,95241.06193164039
116015.0,91833.68240546733
76327.0,35523.04984195562
115000.0,125368.84361045194
7949.0,74547.08134483141
80000.0,140445.61626943006
94659.0,35920.644242252485
69179.0,75916.96433754459
127616.0,83175.1721267043
92812.0,68743.37063807965
72927.0,92449.30324060004
12093.0,26470.388395074613
204212.0,114321.0490523413
110214.0,91655.8425805135
81685.0,106598.21011226848
58120.0,6092.439547158629
38285.0,39055.18172675525
139218.0,111453.91582793054
19649.0,19898.80271222233
130000.0,196764.33240861577
100000.0,125076.29587972813
105891.0,112243.02462642496
400000.0,148811.23128123578
80254.0,105348.8604648014
110214.0,96324.74028683803
99000.0,161188.85604379346
192000.0,158019.5111614054
9685.0,7230.846462352976
87000.0,160377.90347659512
75000.0,33234.763299258055
26320.0,28561.334753281404
104413.0,76281.1051925192
95000.0,136345.78021097963
112334.0,67450.49694508484
143021.0,86489.19768817621
30297.0,32903.140363845254
2075.0,24735.051772423547
9764.0,18806.97272931077
20415.0,30450.43297472646
116000.0,149070.55057243392
40000.0,25837.522024796806
252000.0,129108.44680418566
10462.0,8262.326743706715
36390.0,15996.148693513489
64040.0,72557.21133219081
72282.0,97113.7802709933
51038.0,32460.196308220024
5422.0,49906.84530282922
69609.0,61160.821374423904
93938.0,86453.70550939106
125000.0,173983.45848961166
46844.0,55746.16692131433
17256.0,14219.204113654374
70794.0,72854.90854744699
27191.0,38225.49643272367
3677.0,21291.27920441581
83857.0,67757.53060979239
160000.0,190949.1020425896
41786.0,46110.321672584454
81210.0,71079.04649707688
55714.0,51750.62406287283
14272.0,10864.679879816835
55271.0,27464.178025210065
43854.0,55348.46537478326
64968.0,46875.0858305673
60000.0,33720.56444606358
80050.0,42284.650753657676
2397.0,10880.943331746981
116240.0,27483.896867105745
187875.0,93561.55291715924
57437.0,58495.157018778424
136800.0,157600.38143350123
95299.0,92492.59961934872
112951.0,66454.97293177394
66038.0,70269.88112116985
26198.0,35844.62132136354
72958.0,102812.42002006696
134000.0,145734.24850611005
34804.0,32089.535207214172
92812.0,84724.09553488175
150000.0,145934.48915607054
211579.0,87925.35622789538
95000.0,169390.74550689355
71134.0,82657.67175092253
18204.0,42530.065417549675
108913.0,87706.42516887093
27898.0,21852.24072292428
69609.0,71603.24707528227
162421.0,109299.85457237593
11833.0,45129.7707851034
180000.0,153751.7956740752
59167.0,78256.9271938815
52207.0,63278.8318549437
87000.0,89969.35039952406
40842.0,101542.6905069702
98000.0,113946.62340402123
210000.0,145457.44906837613
61171.0,29724.795334725663
6004.0,58917.84682270787
54719.0,73044.76653490211
54527.0,42789.897685180345
176984.0,93730.32515875642
185000.0,187597.02119491828
38278.0,25003.560735443647
53015.0,35754.03906774446
34872.0,26353.79517410616
48937.0,25781.114122588668
405000.0,145196.5877550688
161191.0,157009.10517199564
87011.0,94208.51061246116
127616.0,38280.02607453769
35116.0,40501.43246119518
69609.0,60615.78184852685
150000.0,152660.13582205845
48726.0,63661.27766892505
134577.0,65249.330219068455
119805.0,110936.67338391817
2803.0,35102.61559117487
330000.0,196312.68636393576
232000.0,153422.5382324485
126340.0,91372.42207323345
30000.0,82965.77539514501
60000.0,80791.66305277689
1199.0,12874.895168256982
87011.0,78502.64363020936
46406.0,71893.15225156333
204000.0,147776.0294487883
81210.0,82468.30790100081
139218.0,97100.71107236916
69609.0,57073.59415867006
140753.0,52402.83195160162
112307.0,81407.18040793808
57179.0,92978.98315203695
116015.0,114754.42010128364
4882.0,6718.544079738218
216000.0,175527.91522309263
150819.0,83450.62640616743
104829.0,85589.59713705993
19314.0,13488.372584549603
57903.0,27501.425703648034
87011.0,96950.8409848406
41765.0,53894.806074692715
300000.0,138915.67528136694
89065.0,33726.22815013835
120381.0,87446.23281192995
84512.0,74503.29955959556
210000.0,137248.4997853721
225000.0,179372.5991911142
81210.0,69078.51832583256
88492.0,81215.8286327356
149756.0,119713.5496913449
87550.0,78489.77988160875
100700.0,179624.9191831796
4545.0,30762.751561583613
71929.0,68174.08724873888
37219.0,47863.44154529448
163370.0,129904.4978537145
88192.0,19664.447312892637
91273.0,107229.21566627464
24339.0,49290.535059034875
101088.0,124708.78241912933
132000.0,152079.74597345156
40397.0,27323.08245780107
144310.0,118015.8672559034
145000.0,145994.64069441071
13922.0,65671.87026109
119392.0,138393.77599484837
150819.0,91124.46362049766
105412.0,103990.90382518645
73688.0,103437.1601236745
64968.0,49810.07911870717
163000.0,144288.15566828166
97514.0,111898.1256646371
81368.0,36964.266503642575
44086.0,48881.437775499784
87058.0,54350.05430441946
110214.0,111747.6200544074
74878.0,108060.34060991094
54457.0,55106.94825205463
80000.0,151805.91000283835
165000.0,94726.2555608679
65319.0,91718.68405670315
104413.0,103277.0757699927
140000.0,147968.7149043911
240970.0,94569.72892608696
57179.0,77330.45121826105
88846.0,73595.22390122172
139968.0,103187.31643801049
55139.0,61632.62580593132
19173.0,16304.503872843085
180000.0,186277.33118216367
100000.0,49733.73157724437
59000.0,63911.91656297216
50242.0,27553.282553136025
6974.0,8739.178751056083
74271.0,33897.444092941776
62893.0,68527.72603918445
160000.0,115953.2997351426
200000.0,168115.48454643873
185623.0,62141.624501687336
44417.0,60772.71076716468
90000.0,151673.07918104305
250000.0,129853.76714736834
45509.0,38578.89947535994
169176.0,77353.24786471322
4650.0,7130.990899099189
180000.0,91471.92245960751
81761.0,73532.20285090352
54457.0,38387.14436629952
41765.0,21494.48287378002
40605.0,30814.220655926023
133419.0,129214.77541708361
39240.0,23313.88392911124
73527.0,45736.185977931666
31360.0,45704.012351088706
212000.0,170699.42754590375
133417.0,109328.14816653192
62769.0,56835.01057264705
104413.0,109683.32055461082
104413.0,53794.5822542041
67400.0,56341.01811756986
87550.0,110595.00133627752
81210.0,75630.53832097334
106190.0,101516.13977659724
95713.0,47149.13391353802
224000.0,199950.97430884474
300000.0,168567.17922634294
69088.0,39927.29907608534
34872.0,18708.394453819954
226000.0,187597.02119491828
69609.0,72958.08750421385
69609.0,67674.01335798424
95596.0,87246.50568810888
60000.0,103819.32450896448
60757.0,100032.53102969847
55687.0,60747.96337740497
138596.0,49714.19711837562
65316.0,55896.7491749547
13099.0,24065.032143088367
325000.0,168616.48179760194
69609.0,47362.515726754325
55687.0,78552.15991435689
103702.0,82927.8622657306
143420.0,152902.50712133732
48726.0,66605.31532702623
69609.0,91683.6137148403
106000.0,140512.9829312675
250000.0,171065.44658652888
68924.0,41425.0015495193
30164.0,40907.52746043611
195028.0,90899.38017311867
200000.0,119147.4249647644
87011.0,96324.74028683803
137500.0,106318.1067541603
37275.0,27425.43486711961
18722.0,56971.157251121775
21844.0,26318.900881793677
350000.0,159448.765735142
81210.0,57272.44205790206
87304.0,52098.343604214235
86137.0,58879.47946411098
51000.0,49538.4773934375
5392.0,9376.065142776617
69609.0,63609.58506791484
165000.0,168549.81966087304
130019.0,118752.84793809251
165000.0,188832.6092764324
45333.0,33559.34904441584
134973.0,85330.66262481421
104413.0,122844.64664458565
84512.0,73363.77273023601
116015.0,90727.7115775001
105000.0,157600.38143350123
46406.0,51482.56033435243
94846.0,99022.23086883541
69609.0,98726.33260834414
77846.0,51574.192265312544
150000.0,186029.00048629814
58007.0,53785.14464213833
175000.0,165453.5211246697
19761.0,37010.49839717529
100000.0,149138.3585146056
104413.0,59898.303754854336
29236.0,34852.100781406894
122527.0,101594.7022081398
160000.0,146686.6707901914
87243.0,91330.7351464323
39718.0,18759.179305895643
130019.0,130605.64069762664
77760.0,32314.13862937966
20883.0,56749.042102307845
120000.0,74438.16603009716
23759.0,42713.09199394868
138621.0,144369.07798587278
142592.0,125642.34296560758
3885.0,56761.50448869971
223187.0,161411.08893585458
53459.0,59588.96911631567
500000.0,134193.2770317351
29004.0,39734.59502475314
148791.0,142999.36681684622
125000.0,94726.2555608679
83531.0,86662.38412336682
8137.0,11884.621187305675
116015.0,77336.28552340057
60713.0,41846.25878965752
235000.0,103909.39099574047
59642.0,48230.903010110815
52207.0,41777.72776268515
14800.0,10670.871117022773
175000.0,161188.85604379346
150000.0,148174.07252612585
466933.0,106351.56467944366
78890.0,89544.27074364127
9830.0,11401.170953592664
12994.0,22728.9158947718
5196.0,27397.2783192458
58007.0,57304.991619691784
92812.0,58622.15638725846
36089.0,21498.493474907766
34872.0,14003.139944892237
104829.0,75793.2397269464
5083.0,16653.999374943673
120267.0,110591.05401427821
11589.0,13961.930179047558
142949.0,132768.9519337213
120000.0,146999.87498143385
57861.0,60318.18147013181
140000.0,144058.36220705134
50000.0,22494.813796480987
70208.0,66253.70562694856
250000.0,198165.1827617904
61264.0,83168.9076523073
74878.0,84331.4177134339
271474.0,62006.291423669754
27864.0,26793.870296121942
7088.0,22412.931917906477
81368.0,31110.211079870263
5231.0,8121.377446911004
47658.0,33586.961385334114
102093.0,80921.05385314007
9685.0,7230.846462352976
50000.0,43212.31775747287
80254.0,85423.78546216698
6382.0,7664.360988779062
1078.0,17336.7461321875
116733.0,106427.58765472258
81368.0,37205.654333898805
61264.0,86192.37563032217
40605.0,83275.31129116801
156000.0,91197.36513395727
25523.0,43960.32432138973
128400.0,35383.85731067191
29708.0,24925.099236371156
95299.0,119155.09824749338
4306.0,51017.40912038933
84691.0,66189.26230940741
148791.0,175603.6809605548
39445.0,29736.40298029679
87011.0,91825.89866814949
148496.0,44876.74373618266
60328.0,39893.46070938989
92000.0,82030.7492298317
143021.0,101534.01315238091
40935.0,64482.66120626199
81210.0,51978.31299984074
43689.0,32557.822584801594
73625.0,47603.32079705009
100000.0,142044.45911710415
68071.0,106575.6326272756
83531.0,60703.171331283076
200000.0,133453.34787520673
27306.0,35097.69027090822
3048.0,25782.266291470696
12000.0,10496.00126705161
41596.0,25005.93270160448
185000.0,150165.81115436915
190000.0,98169.325856373
112534.0,90878.30545929492
46406.0,69913.816392393
60000.0,21795.343458864816
47375.0,28847.260009383204
23203.0,31270.895018435287
130000.0,152079.74597345156
90000.0,181981.8108061277
15111.0,15694.473918517326
69609.0,97347.03201767217
42925.0,63247.73923720214
84408.0,81818.05865474445
79570.0,56630.719366015524
185016.0,129108.44680418566
46406.0,64893.793472483005
127000.0,94330.94055876102
15976.0,25666.94368565347
280000.0,125654.62537714902
134000.0,184267.7662880785
75804.0,80240.91709169705
84512.0,105959.99624330513
130900.0,130588.20858604586
72000.0,108859.25802604406
40605.0,33553.523723466315
105060.0,94012.69928125414
207000.0,188478.86683185436
7069.0,18139.864897831776
111374.0,93845.38608312473
1722.0,14584.156876513418
5118.0,20966.589109964836
99000.0,39749.72872157015
172073.0,66174.13770203934
58120.0,21735.861497988313
59186.0,66093.85845894433
83531.0,67246.19808358689
245055.0,89289.82460034754
87000.0,70360.04524547838
86795.0,92176.85862592938
45507.0,93260.55430532327
63986.0,85776.79457397474
145000.0,86610.91452141308
116553.0,111737.32191914061
227533.0,112450.89978086563
109054.0,92541.1920250576
47105.0,110193.54626488997
51600.0,20156.25368925193
50118.0,29302.737435707928
72958.0,96132.7663011322
65073.0,37331.75362210869
190000.0,152079.74597345156
40605.0,31077.308469014784
116015.0,111551.8591188795
235000.0,181658.79785495275
90000.0,138450.1581768887
3160.0,2556.0908892280686
51195.0,25722.025628262
52000.0,77495.52313753356
98612.0,68418.78577437322
160000.0,180751.8325776152
47000.0,70791.49369855925
109438.0,82613.49767389835
98612.0,73778.499203394
36407.0,23559.859306763734
225515.0,76496.501836916
93000.0,33018.61444528664
105000.0,118662.04398325594
390135.0,44910.32532321844
49886.0,60830.19392627383
4644.0,15146.18445002644
150000.0,183320.17602710804
70440.0,71815.9212492466
68071.0,106785.77448867448
224282.0,88302.37785342532
72282.0,68704.33740981274
120000.0,22124.537367877354
60328.0,70812.2110907421
348044.0,88484.85752179014
49886.0,54525.39897063009
12367.0,12967.170322292026
171115.0,39384.666321022814
29004.0,27832.587417566097
100000.0,98292.13270199747
136000.0,142814.45911020404
175000.0,170381.79926740637
100000.0,150552.8033409486
120000.0,189845.6865035325
98612.0,99337.61087361166
72958.0,65710.48807600458
174022.0,107325.74264715552
112758.0,81545.40279254949
41846.0,9944.420328732578
6765.0,55474.56778549317
100000.0,150694.93491090284
87011.0,66623.80942708175
31324.0,25003.90073378897
9626.0,41105.36894356374
69609.0,68839.05144075074
542810.0,100089.52968365281
63808.0,85291.92089838517
400000.0,184625.65244930133
140000.0,56658.7684737377
330000.0,141595.49122013725
7967.0,10439.22907743392
156620.0,93438.66560622686
600000.0,169405.63972434215
36000.0,37408.20699787453
47932.0,21835.029969430016
230000.0,143747.79972040077
76000.0,187390.64473767474
46406.0,65935.34649360286
300000.0,183771.0986332522
272283.0,89858.735877522
116015.0,62090.960301296196
16274.0,27368.398869930563
75410.0,86769.9743723476
44571.0,27445.826213192733
6618.0,7433.544446542746
119495.0,96422.1736857748
43375.0,48205.815573540785
81210.0,89406.68855210455
58007.0,59029.01413676755
45028.0,28901.553852344736
180000.0,175527.91522309263
92812.0,109844.53894611378
58471.0,60900.06246806234
6974.0,6718.544079738218
336327.0,82465.84943634072
75410.0,34511.24372298215
245000.0,186282.7493025061
104019.0,70358.63067224628
170000.0,192741.14872600604
81210.0,67160.34760197657
108708.0,116690.29942095692
46020.0,76407.75745596852
63648.0,68538.13597341788
8701.0,85040.12876582188
142592.0,146871.20942633288
115040.0,116995.9124066344
46406.0,48730.27778990488
30628.0,41592.723168331286
46653.0,41025.639174688185
81870.0,36078.475022653074
1808.0,6282.97011070276
156131.0,104588.8642560309
65000.0,116230.49607485782
300000.0,173957.95669427095
74420.0,54528.238922866905
200000.0,142395.33579031477
45283.0,30237.46775112865
10800.0,14435.897393895764
81210.0,91860.82696489645
176000.0,202657.16906190306
67203.0,55753.53133070092
81210.0,87440.80624474116
1545.0,18898.852532819023
52207.0,58508.12681312486
46406.0,55632.67067032997
71499.0,71088.05811407641
63808.0,57265.21775850862
450000.0,194031.35235826927
88960.0,55235.05821036036
51071.0,56868.91426007858
8137.0,11152.944267780465
163100.0,152660.13582205845
88784.0,64211.54811233342
101088.0,104153.97438255127
246000.0,173062.57993408138
84691.0,81662.01117535481
136392.0,143084.04903827215
234000.0,144863.72172771764
115720.0,119539.95687146537
45000.0,35367.62158515958
77730.0,85291.92089838517
66743.0,28148.45643705807
69609.0,88231.81951884815
135000.0,131526.88849395
20746.0,64056.93752435599
87011.0,76030.19410027821
36847.0,35445.59250314704
96000.0,56527.21573729374
400000.0,209315.05983307055
42783.0,15030.221809956489
103000.0,144548.4307834964
120485.0,98754.35420774925
63808.0,57379.9738481334
55545.0,28471.31903708897
13531.0,17048.978519543547
92812.0,50308.19163764599
400000.0,200705.33589495494
68449.0,83589.62002082099
1641.0,44112.21365329196
105891.0,125188.37495189351
84000.0,80791.66305277689
40500.0,62152.86349446018
58120.0,25935.650837823432
2090.0,14959.650098415565
123000.0,152079.74597345156
74539.0,96999.02755725938
94000.0,109123.37750448142
113815.0,96148.75819899981
72155.0,103768.89971202209
130000.0,142818.36731025943
24000.0,13910.144206287458
51554.0,56747.77068906129
89331.0,91956.53997340992
57179.0,88492.0641354777
99992.0,35387.22113350218
81685.0,101476.31091823305
63600.0,14694.41801538302
102972.0,58328.81040522598
27570.0,39379.64643094867
48726.0,67615.02506598513
180000.0,145734.24850611005
9175.0,14253.41535893158
80000.0,152312.0240797947
275000.0,210600.38371912084
47285.0,51885.22451284972
52207.0,65292.787734744285
40605.0,75124.62570641159
120000.0,188513.85399301097
79062.0,74061.8367218674
109054.0,83323.52141472872
132672.0,121062.57165174176
40048.0,29405.8398711253
67589.0,41158.79472683932
13780.0,15649.339328019663
97514.0,62993.891229388195
87561.0,104071.03276545233
73156.0,100093.73939541134
1590.0,18199.043504122037
46406.0,52013.399326280596
185000.0,192837.41411132505
92992.0,25976.681003698908
180000.0,151805.91000283835
58946.0,60006.320810941914
79245.0,66965.51692501719
17436.0,8897.675770013093
27306.0,48895.46837228578
106190.0,109624.70711575862
102093.0,90878.30545929492
87011.0,82709.36641602857
39874.0,28957.971266422177
106190.0,129587.72635725664
42653.0,56694.0907371028
150000.0,152660.13582205845
250000.0,191748.01240885982
69609.0,75638.11972270925
4257.0,10929.743810937527
105573.0,66479.53085753752
70000.0,27767.96023398045
123993.0,144713.06754732892
69609.0,56198.53131347232
33151.0,33281.86790670487
106000.0,150211.51616568124
17436.0,8337.13860025399
156950.0,60305.921260515766
55687.0,57243.19445965145
75000.0,129108.44680418566
64709.0,32366.328478911764
75410.0,88296.60084318557
1099.0,41683.87337658174
54000.0,18748.911875260605
50000.0,135174.80512782413
232029.0,69444.11318040089
83531.0,134051.59944722676
104413.0,90485.81374635937
84691.0,83589.62002082099
116240.0,29612.020462205175
116733.0,65609.55176753951
90000.0,54969.79458131405
160000.0,168728.26429576715
127426.0,42850.39785002623
111374.0,97533.46135009071
52308.0,14306.009979046314
109000.0,154328.2513358642
33677.0,40228.8156591835
350000.0,186915.03276673114
174022.0,115646.7005402289
117175.0,100408.57368553785
3000.0,9848.298479888104
266000.0,211526.31584367566
94846.0,79878.66502587851
104413.0,88778.70373654744
174360.0,18804.852969080985
3370.0,21994.661679390367
103468.0,85802.95456069343
174022.0,97974.58949190046
108424.0,69767.43204886305
135000.0,146685.9861745876
58367.0,84854.11448148657
46406.0,74471.27732472934
20000.0,15963.785645519438
69609.0,65971.00578253828
300000.0,209111.06395836486
95000.0,165098.81759401274
88492.0,108583.71601168012
196000.0,183861.1516012389
112000.0,134632.7884898241
40896.0,91434.62495263165
120000.0,182438.85740361267
48726.0,87767.74155284876
13209.0,31858.03182533693
130000.0,113946.62340402123
180000.0,152079.74597345156
19722.0,19919.39632007332
116015.0,92667.03876390719
6545.0,5628.525686391921
49886.0,49659.8349961322
71000.0,63227.66981844572
229235.0,50509.0134426668
58007.0,53148.999331704064
115720.0,95170.18130456291
23723.0,32111.733957491975
87763.0,82545.27011129278
128068.0,113913.79568198112
22573.0,15880.33828850976
40733.0,43026.834425149216
500000.0,11219.293955344909
62221.0,67439.18723778911
127069.0,142386.2908666799
68071.0,77330.45121826105
61264.0,90144.5951283722
5141.0,4085.7006808281585
45246.0,33978.69892734779
61073.0,49437.214621446634
75410.0,79636.31650547609
10194.0,8103.770793407194
50372.0,68661.93541715384
5050.0,28116.631424041403
124029.0,99006.62823437792
31324.0,29834.80013360031
18562.0,42789.897685180345
45107.0,47468.06076968908
150000.0,145876.74455784395
90000.0,135174.80512782413
81210.0,29236.310621406694
98022.0,107275.95640678312
69609.0,40298.068947005304
40605.0,79968.0599920691
5370.0,60858.73902206449
23203.0,30811.980670800425
350000.0,209111.06395836486
160973.0,179486.9964756966
73000.0,142395.33579031477
5000.0,31595.521308308103
21844.0,46285.31385043968
204212.0,106751.84965970539
58120.0,17996.900436631247
127616.0,90238.39938240466
56604.0,74348.1219773776
99580.0,76228.74420778827
50000.0,41323.58483198806
95299.0,108088.38008661583
74249.0,55538.41158826635
231441.0,132928.90696785128
67289.0,87188.94294464188
156000.0,174234.2720465866
154000.0,151805.91000283835
34700.0,59790.46333554557
58007.0,67213.27570538952
100000.0,130312.24789650684
14927.0,21052.208005347824
210788.0,221700.69760453232
54000.0,26655.203638714338
162421.0,104246.69446376736
220000.0,140541.3403951969
26683.0,108271.2825462803
171452.0,98107.78410093553
230000.0,161248.69144675418
159520.0,87242.40004360175
59902.0,108179.99311316799
205000.0,195266.99065344862
43565.0,81780.66529443658
62180.0,56692.06291970465
7793.0,11915.302946778338
121815.0,73958.14105190705
35500.0,43930.60486262828
115000.0,133141.69587385788
176131.0,168662.78747478363
50000.0,48053.22621760008
156563.0,89921.31776178871
69609.0,64937.045087760795
97500.0,34378.31983673274
80254.0,113537.64425337999
83319.0,109857.59108048095
17436.0,13058.370507459613
55723.0,33915.568078871685
160000.0,120627.15732070462
29004.0,56034.56444512424
81210.0,47788.07447215807
5812.0,8976.099088990215
46111.0,24317.421367247018
195000.0,169568.500272614
21729.0,31859.333256418762
110000.0,75007.55442580147
16383.0,11698.744316078246
69609.0,83662.81336400955
51274.0,99282.10090408789
162363.0,100989.42272193977
50382.0,85373.19007397653
52411.0,73746.74663620131
53315.0,18766.428003332723
86163.0,64970.596169253644
54611.0,30936.581214567326
14681.0,11261.290194840263
70885.0,74290.90169663623
34200.0,13838.566633718368
100683.0,93002.42928651057
8485.0,9126.772078265392
100000.0,44481.69986432385
32484.0,62260.48810398113
232029.0,95928.33987830019
89853.0,87706.42516887093
75410.0,87388.69611238955
76570.0,83517.00074743739
32764.0,17920.219085146502
7976.0,25942.830466215804
133417.0,84764.86017335823
74889.0,47580.29843478089
33362.0,13934.714555611159
75410.0,68418.78577437322
245055.0,91289.10734609894
118593.0,114017.04520324808
34804.0,30791.015045616074
36000.0,44799.340020500276
310000.0,151673.07918104305
81870.0,59090.60312625911
75410.0,72342.07725041395
7023.0,11120.151478823795
350000.0,184851.2687908484
102106.0,109666.3690322939
133000.0,152660.13582205845
50000.0,152079.74597345156
180000.0,198165.1827617904
186625.0,89422.8438627027
76570.0,70323.41665878877
237000.0,151673.07918104305
19307.0,54935.44900225072
69751.0,103834.58772147234
180000.0,147776.0294487883
92812.0,56371.31320245707
78959.0,28561.334753281404
38171.0,35359.36453190469
290037.0,91995.91411144716
166496.0,118282.77096259421
403000.0,187065.50985457096
39445.0,54190.57045085569
54527.0,63492.18651006908
4650.0,8664.961414099333
41765.0,26683.440666164683
8167.0,34070.30588898438
150000.0,151805.91000283835
20851.0,12820.465290110116
56604.0,70681.59049551332
75556.0,22000.939316106727
69609.0,70311.42539251152
145018.0,115986.99327301262
33412.0,71077.71838051702
69609.0,85977.28229109645
148248.0,114701.05964678856
111346.0,95381.11367089635
130019.0,128347.11267848815
150000.0,144588.66563216664
58007.0,57581.06587514246
110000.0,127548.92266562629
310000.0,206190.14679893255
58007.0,77547.47782474065
46406.0,62410.76866515924
7000.0,35784.118658709434
150819.0,96639.8094799241
150819.0,112077.21369254573
61164.0,49105.708374039015
14199.0,25524.697709146752
180000.0,177344.86457285602
92812.0,68247.33354469016
46470.0,43719.39468630118
30000.0,150702.8215213783
40605.0,76342.12454532737
133417.0,70427.80408218056
40605.0,66015.77775778745
174022.0,80008.10761867472
43280.0,97029.58694864833
22998.0,47649.92966724098
116015.0,112596.58626255907
210000.0,135330.38958619596
52769.0,42542.539395288055
145917.0,107105.26870664035
69609.0,82931.22922821683
44086.0,49150.60724347612
123518.0,108741.40203450709
150000.0,162430.49840320513
36688.0,75476.68870689913
250000.0,190019.65148120763
258669.0,99591.82107058736
57179.0,102435.58535832103
36000.0,95696.1976782632
71510.0,107052.51555539649
58584.0,30279.28461807071
220000.0,151265.63671315482
96292.0,79957.1844799588
42653.0,61164.5279243626
164156.0,107418.65465095144
15480.0,14973.138920840911
21416.0,58823.2861926429
176984.0,143898.6587548992
140000.0,200550.6930850789
131325.0,97522.77634464837
92992.0,61855.702619142314
53095.0,100272.75166992322
69609.0,53951.4540764427
150000.0,125497.61376693803
98612.0,48702.77437802538
60328.0,47987.70307626098
60328.0,85922.70390426231
18290.0,34890.476374296944
104822.0,59439.82511084112
95000.0,134450.69110011176
36746.0,19232.20213969132
1358.0,40298.068947005304
59678.0,31534.307534014322
130000.0,158343.61688108882
300000.0,130312.24789650684
40000.0,74526.42915557318
83531.0,56351.329213449215
111000.0,158019.5111614054
176984.0,104350.51287469559
56379.0,52064.14293290006
92812.0,76770.71667645745
58120.0,46411.49154358577
27760.0,55924.007407322875
108833.0,93955.60188656495
70000.0,140445.61626943006
44029.0,64565.441252342694
78633.0,68794.49035121607
120000.0,64074.94535558453
92812.0,89123.38190096262
110000.0,121924.9347167743
19139.0,4205.450024394843
47856.0,56324.36750483408
140000.0,186490.9885966027
176984.0,129904.4978537145
35965.0,55031.83521957828
23307.0,17230.148059334282
58007.0,45113.470507571816
138431.0,149070.55057243392
46000.0,36953.42763558864
142949.0,104328.9798402496
112834.0,112283.52766566949
58007.0,43014.08795971607
208928.0,49638.348711374994
74878.0,111992.6785835412
58007.0,64436.963864840494
75410.0,87371.95495563476
300000.0,188125.5439565007
98022.0,103540.72267684857
280000.0,149829.5144059256
32020.0,28650.351505499304
82370.0,69792.14694227607
54719.0,76423.57618769862
70000.0,109123.37750448142
60000.0,28728.38618859224
149659.0,69280.89772511284
69609.0,66594.55796580375
62648.0,41339.7353184495
93137.0,90248.94418409055
35344.0,34206.77104277858
69609.0,40214.83244815644
81262.0,106645.51757682483
150000.0,57891.96233635383
71929.0,63102.44813247856
45246.0,49150.60724347612
122527.0,101921.97007974716
25267.0,24876.712301259264
96292.0,90462.79045548059
10000.0,23035.101720710383
47650.0,83493.89088694034
42229.0,28840.195802361286
90353.0,66605.38838430721
100000.0,123116.62376287926
100933.0,77522.92581869711
200000.0,152660.13582205845
60000.0,46031.227057740325
34804.0,39053.309667307294
69000.0,86805.10313802565
148791.0,142005.3653275814
81870.0,50528.943463128766
100000.0,171159.2156722225
232029.0,136344.5151517673
209429.0,167641.5355640827
112580.0,94861.01345482231
138177.0,66285.12602551209
3012.0,90280.3943699577
220000.0,138767.3130533348
225000.0,138450.1581768887
116015.0,58499.49393330161
69609.0,50860.50306177103
77776.0,37646.884096159854
42888.0,35684.69158769539
69609.0,82839.44258404842
154991.0,143455.3155073364
61171.0,65323.09905971457
182396.0,105396.12711797409
90000.0,121112.87299760018
54611.0,40782.87382259336
220000.0,94726.2555608679
93972.0,65805.33313079162
8514.0,10338.905170942131
6010.0,4757.564721442345
39481.0,67474.21285130725
180000.0,151265.63671315482
150000.0,186547.61764580663
43689.0,25524.697709146752
227533.0,106225.98996277835
320000.0,178398.61171654743
100765.0,85680.38920075748
21844.0,58601.51521024891
65496.0,45730.22402326474
54457.0,85381.77000551215
174022.0,50803.5489427727
102142.0,74298.1244262665
87650.0,90316.33959916678
162421.0,58443.69436399269
72958.0,99022.23086883541
19649.0,30575.910164602305
181000.0,171666.85643485765
58007.0,63886.698441252665
25523.0,54313.84706744431
43505.0,68987.76378412294
205000.0,176868.45992203173
180000.0,193563.02927306702
185623.0,79025.18764542979
28759.0,23904.009588361198
175000.0,110087.8397435189
69609.0,65109.02841063086
65528.0,68264.45831727826
120000.0,139379.2087156279
102000.0,135108.7299330254
38000.0,119974.40041010521
56558.0,90929.72037969175
102093.0,95243.6422921003
127000.0,127768.07507990306
169000.0,108223.33655809266
72984.0,11898.108183226757
9586.0,14398.152190034027
34510.0,53760.82795015633
35297.0,143765.55879701552
109160.0,73553.94286410559
47650.0,69089.2705569575
104413.0,60274.51358974123
49338.0,40883.180474109875
51038.0,36866.47169078666
3600.0,6881.2896200381065
81210.0,72724.1366054777
23966.0,11461.418812345306
104822.0,71586.18398741593
150000.0,99922.1663473736
120000.0,98796.04357580909
320000.0,195266.99065344862
68946.0,109176.0850701157
139218.0,82600.86762043284
70040.0,89092.0964929717
109438.0,114759.42198287422
122527.0,107708.94846257786
27109.0,20593.5491535037
102000.0,184739.66650877704
140000.0,180063.81205003778
63808.0,56281.1875752062
69609.0,77675.93020480781
30164.0,61927.98144727318
170000.0,147776.0294487883
133419.0,97616.9372660336
232029.0,89254.98513700155
73553.0,57913.877294655256
75000.0,84348.63911954634
87011.0,59775.1888570427
135000.0,202141.56018077457
4254.0,14459.959894671503
116014.0,64156.24677555562
74878.0,101594.7022081398
71510.0,107052.51555539649
74249.0,62390.38276911401
81210.0,41155.76317676045
127677.0,100366.1285559562
167000.0,145734.24850611005
1550.0,3591.3368113626057
41765.0,70787.03879959566
37867.0,34209.42386892863
107894.0,83480.9213904596
525000.0,212708.97191182434
90000.0,31065.568242461213
13980.0,9375.223063690097
14934.0,14505.049609071013
98612.0,66494.74547582785
8189.0,36158.128530616756
81210.0,78048.04040316114
60038.0,50695.42259408435
140000.0,158951.26799788396
90000.0,180100.3990957649
63808.0,56198.53131347232
1599.0,6492.903357878388
46406.0,51268.31949702034
98244.0,64989.2527600926
81790.0,49447.224247332386
136141.0,89943.05630828979
87011.0,90180.69348095404
10462.0,15592.335228587352
37197.0,61855.702619142314
131000.0,143747.79972040077
66824.0,79316.43635556292
96660.0,97124.4305191226
81210.0,113208.32593555344
51053.0,94681.00464439487
44025.0,63153.06134208602
97839.0,105123.49148633494
81210.0,65658.3375106696
200000.0,62668.25613525682
65000.0,19744.18213221752
176070.0,146334.91269835486
116015.0,76481.22065638889
7656.0,26141.843720738885
77517.0,158825.36116061214
153000.0,121112.87299760018
116015.0,90302.82407139281
68000.0,192741.14872600604
75410.0,89962.70134173178
69609.0,86273.68063848467
54527.0,64023.28660621862
350000.0,202323.01092898575
65663.0,96132.7663011322
115720.0,110032.67849577124
48726.0,44339.93925419498
79043.0,45615.85706106643
440000.0,181658.79785495275
58724.0,52621.75206219718
1400.0,14242.808353466886
400000.0,193775.95554165659
7417.0,7438.204576071636
175000.0,214030.1271605803
100000.0,138392.0463630884
61264.0,101093.25877920436
64051.0,58658.95251614034
80050.0,78788.85340341867
110000.0,182827.7198817999
55107.0,34798.31656569553
5268.0,14533.075419235287
113694.0,98390.1423626228
254778.0,94428.71393640598
74761.0,99468.95216529645
88050.0,60275.70984370542
70000.0,150366.81281004526
264728.0,172586.05742592478
5231.0,34098.21703127198
82000.0,90461.42391890402
88945.0,85009.17520594111
34872.0,16172.662658216042
108913.0,81581.9035933348
220000.0,194812.85312305004
124416.0,121068.104180149
237115.0,118016.62885336955
75410.0,85611.58138582148
78000.0,54335.003673895844
147571.0,111791.82728273026
118335.0,79408.93754715257
150000.0,186967.06870601655
13949.0,28136.271870041626
139218.0,61144.78858490252
183791.0,104282.02861249566
67354.0,41661.354723844466
100000.0,88358.20327844714
31605.0,29548.64650618116
141720.0,116552.38727988317
40000.0,66329.41633654643
45480.0,97062.95739868777
46406.0,50192.12307011912
25523.0,63681.28803068429
50314.0,59616.69499739398
240000.0,197796.5074610233
55671.0,64989.2527600926
148000.0,152660.13582205845
64388.0,80949.88277926935
60038.0,62477.86727367759
149778.0,58309.73005600753
49886.0,23153.0377085275
208000.0,80791.66305277689
140000.0,49564.95566128545
111374.0,123283.78612630065
7374.0,11580.161077751023
3487.0,9713.4885198216
187500.0,149898.29153173094
75410.0,109433.97917671569
23201.0,17551.517363102033
110000.0,153835.79039702273
50000.0,13805.7278646262
47650.0,91313.22237333741
3000.0,42071.70409899522
34804.0,60725.25657267704
12403.0,16786.976184498955
110214.0,120361.71495426608
64194.0,64625.612016132676
83531.0,110028.60265764264
174163.0,180884.36172240946
43664.0,21831.02706551149
200000.0,170551.56319343977
180000.0,196764.33240861577
124423.0,70044.0780030295
238248.0,114972.7204734969
41800.0,47243.4169167562
33881.0,78745.11514282612
52207.0,72501.39931723701
25573.0,15211.065677407683
22739.0,48449.9364858246
126000.0,129027.4656117749
83280.0,43615.347247926635
149756.0,132969.54855814108
3002.0,14925.366674075054
300000.0,214719.39192815026
162421.0,78484.54114247531
88413.0,96880.64095690269
170000.0,184837.41542220596
75147.0,99022.23086883541
81210.0,51469.604269116346
60000.0,32249.36829143907
136141.0,94569.72892608696
1000.0,55867.29105103038
400000.0,193775.95554165659
116015.0,100935.37051228787
96033.0,77569.18844684206
7556.0,8962.726259353622
109438.0,107974.92628389195
29060.0,22529.506313120506
120000.0,151424.06099365334
93886.0,81200.45755799525
20000.0,69490.39919844315
182831.0,102183.72968861824
60908.0,75662.80776719261
56267.0,38665.811290117796
40743.0,22361.191796304374
71500.0,160656.66303599355
104822.0,92594.11883081375
77101.0,121572.55599742415
202225.0,125654.62537714902
145018.0,81030.40466801146
9679.0,20623.94209487369
176485.0,149780.30577430362
92812.0,95759.76303511873
84512.0,83960.7359672357
34804.0,37568.97814182656
79674.0,72946.61512406461
40684.0,38246.2407746646
58795.0,39317.73082751116
1161.0,12989.488682103587
100000.0,121112.87299760018
108913.0,91179.97414139079
145917.0,107333.71160637609
77383.0,69089.2705569575
99999.0,137444.8473406915
124359.0,57614.88571973664
17863.0,15649.339328019663
52207.0,47562.660916744426
34804.0,44751.11855641107
112534.0,98808.58009478985
41846.0,52314.690957925886
52207.0,85443.81831963143
174022.0,75432.41838318984
45000.0,175050.2504703986
97452.0,99540.7895998997
69609.0,104151.78241028149
60000.0,52600.66045930863
250000.0,100647.45285580277
215227.0,116253.69054171014
63808.0,57664.56938679631
27844.0,81330.43863385064
93392.0,85314.52347855158
113694.0,96583.30604555614
80000.0,121112.87299760018
190000.0,179624.9191831796
81210.0,92093.66949388776
220000.0,150165.81115436915
149000.0,185406.84255818298
87011.0,39886.07654790313
81210.0,78182.06806810091
167714.0,62818.62397570866
83531.0,84571.72792318331
230000.0,159013.55329478468
29004.0,40865.075879131095
85534.0,67494.53695065282
96714.0,92993.90500012311
131325.0,105805.70857848295
100000.0,148174.07252612585
34804.0,54674.95635624916
58007.0,112654.4440418742
98612.0,82118.82399758325
53367.0,62339.69219328047
141587.0,104530.77537150045
58541.0,83000.72491417381
182396.0,112249.05800168394
117014.0,60038.247006055564
82906.0,62426.33087653548
46406.0,61908.73539940993
6456.0,35212.76126073607
70000.0,49686.16911049505
156860.0,100617.24158252818
48726.0,49784.713948746634
12743.0,10794.522143489112
69609.0,88484.85752179014
500000.0,130312.24789650684
77000.0,123349.19343460497
124359.0,51402.185689687336
44096.0,35349.92018559262
20332.0,15996.148693513489
139218.0,109462.307490336
232029.0,87188.94294464188
9798.0,101943.79978003405
69609.0,59558.020340321375
91198.0,126454.17713307073
250000.0,152660.13582205845
105790.0,111644.3476309625
4873.0,73710.45405563555
500000.0,151805.91000283835
136392.0,150163.5238714453
98022.0,100575.98722900284
93387.0,85462.05659640509
25793.0,14256.521904913929
115924.0,100938.35686658043
45934.0,39502.15031254754
136141.0,97003.8982352395
34000.0,59855.60402722863
175000.0,151673.07918104305
75997.0,57474.25594449587
38171.0,32369.661175572728
105394.0,119431.71558200766
2037.0,27913.73881131815
7296.0,18014.60775515958
178748.0,94209.66611924328
90491.0,79247.60806239452
12633.0,12788.955462976386
102106.0,77330.45121826105
92812.0,46283.170175307045
127616.0,71946.8325744766
116015.0,23777.405157567562
166200.0,192743.2003938517
66709.0,65549.98291201117
338000.0,125451.6487549506
175000.0,158446.5818499195
15792.0,20409.447382494305
69609.0,50071.30428646211
118193.0,92755.0782925756
20923.0,9944.420328732578
99346.0,64201.1251551097
73405.0,49968.92118535553
152511.0,162824.34559667023
17495.0,16913.134338718166
96000.0,144474.5712542196
147552.0,125349.95551165193
73089.0,66706.98123135683
66128.0,70833.97492802933
34804.0,61296.60425790005
55919.0,41066.40827179892
260000.0,160371.25630423392
88960.0,61094.78320330152
250000.0,188125.5439565007
38388.0,50032.18426942547
110214.0,90707.88372957875
144000.0,196593.05438776116
5812.0,6432.731871448878
180000.0,153282.93229141858
33895.0,56868.05337309129
76570.0,75934.47567578628
160508.0,111644.3476309625
21504.0,29049.37749936958
64337.0,102144.73126228488
116733.0,109212.03145943896
94339.0,90504.91757517746
104413.0,110061.6812013495
205000.0,189843.89812482343
58508.0,106225.98996277835
17000.0,12967.170322292026
94000.0,108859.25802604406
98612.0,72683.99443837313
40605.0,38881.518767498164
48726.0,27876.070060960785
75410.0,65598.01753782878
77730.0,75010.84529872569
43537.0,15773.87834249853
69000.0,149138.3585146056
164156.0,94073.76822843347
7705.0,37967.36067659149
107000.0,105400.54655540349
145018.0,87982.50370269762
138000.0,139691.99906734366
43775.0,36810.860509363796
4882.0,4716.422560917483
74889.0,65404.85768992881
140000.0,129504.9379533541
104822.0,79117.17255383272
51627.0,71607.0680890666
42925.0,21646.3910224796
4595.0,51379.37302684822
266834.0,80733.40400917134
73089.0,83785.80142336641
162421.0,100018.22874010704
3480.0,29753.893845202747
310000.0,178240.41923413312
97452.0,88229.21379012351
99194.0,117415.23467259367
27372.0,29863.115619579286
116015.0,65827.05435461189
86624.0,76439.76568204453
87550.0,86004.27712352441
200000.0,194045.5617704117
116015.0,58826.95410658569
208826.0,96324.74028683803
43565.0,79609.37941699565
150000.0,208610.2850195613
69298.0,41254.74554292397
34951.0,43517.03388670399
232479.0,71927.16214798542
15000.0,20036.997129618958
34925.0,43104.504482353266
125000.0,152660.13582205845
136141.0,129587.72635725664
55122.0,32546.964924016895
150000.0,195747.11668308408
104413.0,81504.635254197
140000.0,186284.43261172363
50000.0,35920.644242252485
500000.0,199383.86549381574
91013.0,86659.17999856138
25485.0,30400.49040365318
250000.0,168549.81966087304
127616.0,87657.23588592238
60328.0,91472.22818264786
58367.0,92755.0782925756
165000.0,37272.06589340575
60377.0,72358.85408054663
97514.0,89530.48633505857
69643.0,53536.52698018139
116015.0,67452.3254478029
1820.0,36488.67835866651
37705.0,74568.41658114649
72958.0,70128.68849276671
27844.0,15267.312779821417
2500.0,19063.319553663707
46406.0,60858.73902206449
18818.0,16957.16592880727
99194.0,131795.04134021135
41765.0,64352.33642556085
88492.0,82997.54552072559
72000.0,19666.12621364415
250000.0,181461.4367232088
95299.0,98729.23512776321
58007.0,69423.72079398009
93312.0,98904.46365964436
178000.0,164282.77794334176
54000.0,33212.610972726325
6362.0,11261.290194840263
70000.0,125654.62537714902
72870.0,40760.08328934009
65351.0,39265.814393320485
55687.0,63740.925219754776
70440.0,79038.32806805818
83857.0,76353.25203932573
150000.0,151805.91000283835
300000.0,177344.86457285602
130000.0,91491.62418226346
50314.0,33729.17220434558
28800.0,24932.17265331897
40605.0,77453.2152284405
69609.0,66499.73740959412
49234.0,51542.00204475009
4793.0,11238.786369927204
102644.0,106423.79182099244
49011.0,51533.24304259836
18107.0,36500.30112597877
60000.0,103909.39099574047
21229.0,64565.441252342694
150000.0,151721.74156397054
102142.0,107965.493067246
99773.0,127972.20340905582
85851.0,86273.68063848467
275000.0,163085.0617008841
14681.0,21192.258965273326
77098.0,66375.76365822915
101088.0,62719.08760931128
127616.0,97100.71107236916
160000.0,70635.58398186538
104413.0,55699.383655447244
8738.0,20518.624679662484
17402.0,59073.51851155151
54527.0,51189.06456417159
83531.0,65599.93643896138
60000.0,34973.75080152129
129334.0,101708.90252568135
46406.0,62459.364384403765
155521.0,100952.30211866749
94000.0,135735.5994231083
270000.0,155978.55521594852
91013.0,116192.72022713239
81685.0,72215.3240390107
27898.0,36567.09210486997
35949.0,19342.022121596405
62893.0,55866.37665472957
163370.0,81892.21484294158
43505.0,43676.26013812984
89852.0,93522.04824031897
24575.0,37458.73105970336
87011.0,99337.61087361166
59307.0,54764.37522595427
172935.0,43896.576677316865
405000.0,173062.57993408138
34804.0,58329.814941756136
75410.0,73472.46827471736
6822.0,38270.90629914858
94868.0,104468.02733783939
18605.0,27078.145727485426
2121.0,43679.85518674319
220000.0,168662.78747478363
75410.0,65356.37107839786
390561.0,134129.33278557556
83158.0,45458.65073058676
185989.0,144880.7512280918
74000.0,84348.63911954634
142698.0,53564.39916642859
95000.0,191729.33727555536
6974.0,5626.77786809553
2397.0,12970.232275258195
116015.0,91665.37373161771
106733.0,93290.99094813787
63932.0,23825.243530162898
130008.0,98787.87065684993
400000.0,147895.94072652038
106000.0,131895.00902893403
266834.0,107884.59483348578
56621.0,46025.22196155366
116733.0,64468.766805212035
94659.0,63330.581134789376
201139.0,126796.97150104836
58007.0,24487.444841747925
62257.0,44555.17962601021
146750.0,60575.126096935885
38206.0,25722.025628262
43664.0,66126.2865426564
69174.0,44998.15882206659
100000.0,39038.205856619796
220607.0,141821.42225767224
72958.0,141093.63431647405
40605.0,45339.06065165214
23008.0,21912.372040672348
59278.0,32339.500866972303
6974.0,54337.4376892884
60328.0,100826.02359446263
80000.0,24717.01175526347
13949.0,6972.793741592251
12291.0,13680.401554869846
13107.0,11492.20606679839
81210.0,66494.74547582785
69609.0,87386.76588367035
94000.0,158446.5818499195
117637.0,46822.79831601453
182000.0,151673.07918104305
104413.0,90462.79045548059
79245.0,80868.87480439772
86820.0,84634.4679638392
140000.0,205919.64470696295
41765.0,70161.20640223548
72815.0,28695.70053470875
47423.0,104324.44432893707
104413.0,85291.92089838517
57775.0,43710.89345075955
210000.0,130082.45028109536
80254.0,83878.76677114655
71929.0,57827.37697764344
114447.0,106514.06378556762
2184.0,42174.71234179184
115000.0,184340.64489951378
14289.0,41105.764677966145
145000.0,138392.0463630884
63808.0,51612.09420835299
200000.0,151673.07918104305
200000.0,144474.5712542196
159286.0,128924.33052117973
120000.0,185286.60528219093
165000.0,156452.47346354683
55000.0,46234.41299221325
17594.0,24198.868124827546
45000.0,146863.84868772287
122539.0,31602.20467615787
59167.0,65093.803551956786
200000.0,169405.63972434215
120000.0,186282.7493025061
81210.0,94759.36543957863
62015.0,95416.60672485793
133417.0,81389.48175954125
129334.0,97047.10650583525
78890.0,62450.198729515294
116015.0,66594.55796580375
330000.0,187517.51639963957
89331.0,87152.97180238788
15355.0,17266.32016718749
69609.0,85473.28996207246
4793.0,7431.415448390431
81210.0,63911.35979900376
139968.0,101839.33270742408
32484.0,56627.031798681535
87550.0,83127.71796535711
31765.0,33639.38374477313
74249.0,78405.88788791095
34804.0,65797.60291405766
160000.0,195266.99065344862
68449.0,63815.63961484729
300000.0,144107.34346105176
72815.0,37038.44163264436
13949.0,14403.84617998503
83902.0,61266.739668692426
500000.0,207132.74041920644
200000.0,152492.14371493284
191424.0,64659.880897710544
90000.0,140823.91459867684
75320.0,47346.19299576782
140000.0,183887.12482445795
130000.0,165761.34821706265
76570.0,29654.058028589505
102106.0,69835.69292505892
72958.0,99924.7162208501
65663.0,70128.13985721755
92812.0,87680.7629264641
280224.0,138599.15213413181
11624.0,8450.75394306529
92812.0,140878.2345366936
1264.0,3618.487357687993
18598.0,18612.047189382065
83234.0,35376.87234387516
75000.0,90316.33959916678
110214.0,96324.74028683803
80050.0,70424.57609155364
58007.0,70052.96012088655
20356.0,49674.85881262422
81210.0,91022.06965011945
7251.0,40433.273495068504
81761.0,67038.96229511836
251572.0,75217.25666236212
72958.0,45527.329918301424
250000.0,194316.12554007917
85980.0,71124.71612655246
116015.0,68913.50824337805
46541.0,64292.50900141485
52207.0,70993.67733194129
135000.0,129108.44680418566
92812.0,52431.376338555194
1500.0,8582.878846288175
55687.0,46553.40220687279
106190.0,101982.42462392796
55967.0,54502.997342971365
51071.0,54688.56792371507
13099.0,32272.81927179404
127616.0,106167.52656057464
53367.0,65786.95862792095
48726.0,53739.299148159946
83531.0,88010.03295672325
75000.0,91834.58348600012
185989.0,132736.50533198245
150000.0,131526.88849395
21016.0,22220.824744487873
35726.0,38885.163988276625
58367.0,96045.36702845473
67289.0,76162.53599950287
84277.0,71400.88919685155
14727.0,8079.445861787522
150300.0,119713.5496913449
24000.0,33806.2752408282
185989.0,149281.1920219032
55687.0,28183.600502484664
68111.0,49945.31232376159
3064.0,7760.037538769954
138000.0,152660.13582205845
139218.0,96636.55038960082
81210.0,78769.9256379406
2731.0,42316.82636159076
58700.0,56179.59829455478
59167.0,111585.90915283751
250000.0,195642.33061547257
37872.0,30764.678376894117
42165.0,51257.28725591107
58541.0,69089.2705569575
39544.0,20584.137095727776
60091.0,81372.45770261294
4993.0,28613.229672991783
13949.0,32306.017670241392
110214.0,72006.62132503303
39599.0,21894.162134145776
77620.0,77864.5725041065
13949.0,8976.099088990215
104413.0,91217.15098820947
47441.0,55542.18707013759
9299.0,17551.517363102033
120000.0,142434.71127757852
52207.0,55381.27406837776
62648.0,73773.74232257805
61264.0,80314.69312222757
102000.0,168549.81966087304
54580.0,40647.599790926484
37682.0,31466.42221542927
122527.0,87535.67885390503
68134.0,63645.13676771864
101941.0,68242.21519586189
69609.0,45424.90758284674
90491.0,97681.6650671227
145000.0,168549.81966087304
32484.0,27130.428691665333
3283.0,12470.432051807145
139218.0,105719.57262751322
58007.0,70067.50193957027
449267.0,104732.24788875484
128476.0,26508.63879200563
66038.0,68176.64117930067
1090.0,13461.465464269111
116015.0,93365.80225836804
83531.0,84889.54657350284
91000.0,93589.61697011434
58007.0,68016.13005430975
385000.0,178201.39326829038
138000.0,90316.33959916678
160000.0,116750.28019265078
58007.0,113959.7627817788
4650.0,26410.714704908005
61488.0,40880.27358195693
98612.0,81451.46909383523
28424.0,47344.80447212596
4909.0,4757.564721442345
23203.0,43232.81163118203
175525.0,123927.66039323088
111975.0,110667.41323619745
9299.0,11478.206570095686
600000.0,147776.0294487883
150000.0,136511.93331021297
93886.0,94362.48123944485
78000.0,62708.77660883852
71134.0,71679.26214517739
88000.0,121112.87299760018
46406.0,60083.368138993734
350000.0,173650.65317967377
10000.0,16319.711326141514
88450.0,45438.34458708089
180000.0,130082.45028109536
323000.0,202102.74660151036
130000.0,137047.74151131843
37125.0,61991.45908693775
36758.0,95737.03179053274
1838.0,5269.14455285827
62893.0,68527.72603918445
250000.0,192743.2003938517
60000.0,51817.73847914538
70662.0,45869.302534533206
93000.0,129774.0859607946
74878.0,115431.59965028908
54457.0,106089.56068444178
499750.0,66273.25634242737
41765.0,66852.9882035428
101100.0,47580.29843478089
72000.0,184625.65244930133
120000.0,22934.96525398419
145018.0,104705.55535345762
98244.0,25275.35568348121
145000.0,125567.42612557788
9299.0,13961.778471781443
105573.0,66786.71274203506
230000.0,188160.62986447843
112663.0,108689.79394524214
2283.0,19274.327808032427
92812.0,74631.05880440629
104413.0,29449.869920990965
77730.0,70927.10085044277
24363.0,21128.20578583838
139350.0,86531.11247033425
50000.0,147366.514734233
100000.0,131576.75740959364
209658.0,105131.94420466371
120000.0,187427.56931453332
75410.0,67727.55160800826
82283.0,68768.97819912522
92812.0,69787.85487706702
125000.0,112035.74930622138
4915.0,61009.283829540655
76606.0,28874.449839127617
139218.0,82629.54447812289
1467.0,45299.41476933379
120000.0,89780.79186108428
108913.0,102369.26885678439
61759.0,65291.779525156955
315000.0,189768.8438278362
180000.0,176581.8275870591
48726.0,45451.52843255981
7801.0,144030.6886434476
163370.0,122617.72309594092
48058.0,36003.61780540089
115000.0,162104.69550163404
9543.0,11651.827076104242
80000.0,143844.30308458643
119000.0,110812.65986232639
1300.0,47289.26794322332
58007.0,91319.91129110786
31142.0,35688.94149898413
110214.0,85830.75876687904
52946.0,42352.89439231323
74878.0,77330.45121826105
61264.0,82533.32616139416
58007.0,65599.93643896138
37125.0,39351.57762600723
15111.0,12925.120008280963
33553.0,14442.976156478622
62180.0,59151.219001253034
75237.0,61621.767254503626
100000.0,125654.62537714902
119124.0,102973.37248287092
69609.0,97343.78263633013
172000.0,188505.63821352102
30710.0,66329.41633654643
180000.0,133141.69587385788
145166.0,96132.7663011322
18204.0,37725.10321781936
60847.0,60712.55408530899
120000.0,168089.51321602735
102106.0,70636.71182406506
97514.0,100846.05059503953
55000.0,62871.8702919663
5050.0,32753.909496958822
155800.0,152079.74597345156
106000.0,130070.19426045318
45246.0,55158.42153974551
141000.0,159770.56687918914
64968.0,65783.47601563766
1665.0,12762.031898188563
70208.0,63942.53995883261
92812.0,70707.18670280179
45246.0,52706.04505766101
126456.0,81451.46909383523
75000.0,4008.0046922477036
39445.0,58565.46081316876
36434.0,74820.02807954207
260000.0,202141.56018077457
109438.0,96132.7663011322
84408.0,131133.90291792713
74878.0,102100.36878621792
300000.0,196593.05438776116
124029.0,90066.9091032118
89331.0,21834.561355623624
75410.0,68278.54784110398
58007.0,37551.14329875271
260000.0,203636.96167019889
12762.0,44503.135771443
53367.0,50158.390229703655
75472.0,62265.63576535257
5638.0,77367.76456990096
29867.0,50708.14494281205
100745.0,117849.65086266382
1937.0,6619.852803513203
95299.0,106589.7210614617
130992.0,91617.94522044418
48726.0,57967.81697559386
161000.0,129108.44680418566
60725.0,66369.56149284997
170000.0,139678.53456787037
15692.0,18612.047189382065
160000.0,176868.45992203173
24757.0,39741.39396517494
37210.0,32450.553632462466
30498.0,44998.59169235961
13949.0,15141.712581264514
120655.0,80818.75810520058
160000.0,197796.5074610233
111374.0,67213.27570538952
13949.0,7277.403171976896
88353.0,70584.20924271517
103794.0,111069.17744068892
72958.0,83294.41301360345
1395.0,6564.545222667526
100000.0,152660.13582205845
13192.0,44063.54146841322
315000.0,159515.7789158138
168221.0,55381.27406837776
8353.0,68280.15091262189
93972.0,93651.42948718168
143000.0,135108.7299330254
3073.0,12621.299605198777
66841.0,52218.095426004336
9281.0,63481.20498016841
50314.0,42831.944462509935
52207.0,65598.01753782878
97514.0,93359.35856264453
50118.0,54838.328509805615
81685.0,97238.94008912465
49744.0,47387.04530095225
102972.0,56630.719366015524
40263.0,24538.168558890287
38008.0,26315.57912277567
240000.0,151600.40850087453
36043.0,49428.97544384135
104413.0,114703.77803631878
27306.0,42484.43423831347
180000.0,189059.38722935683
66000.0,20377.060735065807
101482.0,34635.99791152377
212381.0,105131.94420466371
348044.0,55982.426125107726
48000.0,56955.85258345947
1818.0,19998.13323202701
16617.0,21174.178434021007
139218.0,58832.288839909874
98612.0,75039.4716524169
27844.0,17021.653670991633
11766.0,69899.67566757147
250000.0,152660.13582205845
255000.0,219942.45956107593
131325.0,48864.736818760335
29250.0,30279.428953291175
75000.0,44790.33850647389
149000.0,176877.41967642633
150000.0,111335.97965035315
13949.0,48392.77351620133
130000.0,98169.325856373
59730.0,63679.62974978386
30327.0,67255.77286723709
104413.0,65698.4757483226
45510.0,67936.79473600592
43689.0,31921.005243177802
215000.0,182827.7198817999
195000.0,121112.87299760018
8357.0,50540.43985364783
10694.0,36736.962935394025
82500.0,163355.76572605464
171073.0,61984.1979048476
180114.0,76650.03340471332
125000.0,95671.164736049
23203.0,59205.10891306662
174022.0,64145.43966466392
150000.0,154194.58321507787
173590.0,152420.5768337298
225000.0,152660.13582205845
59820.0,25545.559019248976
75410.0,96179.16339452476
213177.0,100136.08722007458
81685.0,117543.09006676907
200000.0,168662.78747478363
38302.0,42585.76356457687
290000.0,166522.36300641327
198000.0,151673.07918104305
70653.0,64197.88115582565
91072.0,79958.58196950851
15082.0,35042.12515852838
67779.0,46234.41299221325
65000.0,125654.62537714902
37125.0,58028.13770424269
34804.0,60573.51439577073
42125.0,20264.00998397631
34805.0,52767.57810986388
20000.0,28708.297447057612
87011.0,81722.41623739956
74249.0,81496.11246011055
140000.0,141377.77005789787
139218.0,101371.44169525776
16706.0,31022.252454448713
81685.0,104959.05373275129
110214.0,80361.2213940938
265000.0,202250.1842095385
81685.0,88939.10600182974
215000.0,152640.62693746065
140000.0,148553.08405920296
50000.0,31534.865253711367
65907.0,18965.56031849094
70230.0,77652.16764404277
107000.0,111909.99073217777
59307.0,41714.074566733514
108710.0,101873.53474909902
77651.0,40099.162986803574
65348.0,109395.42600239442
132000.0,90519.68735347483
100765.0,94226.3263748547
150000.0,191931.64882329988
157924.0,118282.76471140866
38171.0,46694.06550102472
56847.0,67727.55160800826
325047.0,128794.26598505124
106733.0,67727.55160800826
69609.0,93095.73236755547
139218.0,103461.64462539136
10081.0,6677.706584860555
46005.0,57996.62223536403
7901.0,17745.379422664573
70208.0,56159.16059144112
400000.0,159973.81664071803
38981.0,89195.77084422104
140000.0,144548.4307834964
68071.0,115474.92143990396
170000.0,101822.44617838805
117175.0,87082.9657867657
95299.0,129259.2963373312
20057.0,33043.34052014597
71698.0,67830.52618474372
87328.0,68936.52698447212
80000.0,43075.508481949044
33840.0,69030.05217799194
73375.0,74023.92701018466
27316.0,14206.05870318804
25523.0,46591.216943341955
54580.0,61132.700551548915
4300.0,14174.039164727967
96851.0,64652.17385431238
150000.0,152079.74597345156
66310.0,86003.6269991807
130000.0,127498.79300535982
9720.0,12149.307845737974
215000.0,180640.65477572853
41765.0,48671.556694578554
53367.0,31578.935408595076
118593.0,81775.62694562053
140000.0,154098.56251360793
98612.0,64534.32924868874
127677.0,110458.09287684502
51734.0,63224.87400989256
11472.0,146200.0637830551
23248.0,23009.45155062348
51486.0,61952.53666396182
52207.0,62587.352891010036
5975.0,66535.015317997
96000.0,158362.51483542315
44086.0,58366.47123624777
200000.0,157358.89849463745
3817.0,9422.491668529367
125000.0,148436.5646639846
126000.0,115999.42053247144
195000.0,169405.63972434215
110214.0,92159.17019059906
16822.0,20217.539931042884
46406.0,69461.1559942885
32748.0,20250.630487134807
150000.0,158446.5818499195
16714.0,18727.43352695839
86750.0,53611.23301770756
60681.0,31342.99268401666
350000.0,196255.73414507354
162421.0,62290.46802565352
175000.0,191473.560861859
20109.0,18302.35917477577
600000.0,226677.9399583126
96660.0,91566.60451946226
170000.0,155705.43518270523
102093.0,88726.95121546113
38359.0,18302.35917477577
23248.0,12705.533656590283
42906.0,87919.7653792864
69609.0,73787.65959528212
69744.0,12925.120008280963
46496.0,66534.51188221812
60118.0,64015.77675820806
33352.0,49284.687241700936
266834.0,167930.61785110054
76000.0,106787.5129858173
117082.0,97435.51435994692
82366.0,86844.80111126968
24872.0,58445.67946287405
25485.0,26759.05462385608
59167.0,72285.52285945545
36407.0,41717.033046150114
104616.0,32558.46766737928
99194.0,160215.9655581049
102142.0,100901.98235409308
92812.0,71244.35292152775
63808.0,72610.15996768691
26004.0,136047.27080288107
160000.0,161248.69144675418
46406.0,43592.23071496084
104413.0,73371.91305076743
217000.0,154732.71560688035
127616.0,69560.66239814708
115000.0,148174.07252612585
111594.0,147537.56461267307
112997.0,75936.77187882183
36000.0,10026.703898942333
60444.0,57243.700553593364
185989.0,142350.19137624753
200000.0,131158.69053263534
116015.0,106014.37809546675
87763.0,89357.71745902
100464.0,159503.5780021363
40200.0,101799.9417536812
58007.0,64074.963253884256
5231.0,6708.599536616155
68134.0,75536.93252785057
148000.0,143468.4567312863
46116.0,27580.607900971216
123993.0,133790.25137717
109438.0,106351.56467944366
24410.0,13311.89240806352
60000.0,152660.13582205845
93613.0,116692.26302400487
29653.0,33082.739926466704
162421.0,67213.05998657778
76692.0,33580.529818682946
150000.0,169405.63972434215
520000.0,202250.1842095385
173544.0,149324.38117363845
56478.0,63726.63885451939
46266.0,43650.21653238755
1438.0,19577.71788599869
25523.0,53844.24373506288
167061.0,87655.57238849286
2397.0,12434.836473304293
37591.0,41001.136082439996
120000.0,142818.36731025943
200000.0,144107.34346105176
69609.0,76476.3345300004
140000.0,146743.7815872572
20167.0,28173.669813557368
180000.0,151265.63671315482
10636.0,6729.850065394698
30783.0,40296.777410144416
9299.0,7806.842342305626
129334.0,119180.73024965124
500000.0,169405.63972434215
15285.0,12601.885924395277
160000.0,118403.00575764089
16218.0,23114.31148557523
5801.0,91339.83608954762
68102.0,55328.805960214435
26320.0,40825.00255693859
190000.0,151439.5419656307
171073.0,103560.05715479021
81685.0,91756.92338322342
3468.0,71080.22546442183
61759.0,110591.05401427821
180000.0,90461.42391890402
91198.0,98516.1152690542
60000.0,71905.32390208176
18562.0,28553.656716079233
1674.0,7277.403171976896
102093.0,89627.5032328213
108913.0,106439.941833563
11400.0,14174.039164727967
76097.0,69824.19473905326
54457.0,83537.05119627016
35000.0,17958.748589776525
14380.0,12637.791954498898
81210.0,56198.53131347232
47650.0,99832.78908299092
46496.0,22141.195906562934
98612.0,91368.90812477311
2758.0,7844.57731803962
24000.0,10371.45784027376
148499.0,66499.73740959412
41991.0,91494.22690359577
4650.0,20428.65619662689
71899.0,21629.590543385028
200000.0,94301.3449715662
146000.0,175493.56400481178
110000.0,30117.4614021585
118479.0,46872.77094426758
99383.0,86192.37563032217
58007.0,93538.60763488157
170000.0,189768.8438278362
39521.0,35528.47094341963
59198.0,57978.74485144921
265000.0,196764.33240861577
8137.0,10639.320950211915
108919.0,49689.42683561844
115720.0,114636.74007197945
7541.0,66661.57792680121
51975.0,43501.56133670509
67289.0,45348.853292793705
61264.0,79201.0438306994
85000.0,127031.09290071893
105000.0,136005.84318608558
120000.0,87184.39503062554
220000.0,152079.74597345156
34804.0,59448.41932452813
42299.0,40460.4730125953
102093.0,67447.92394852874
69609.0,78901.1600314943
250000.0,202323.01092898575
110000.0,129108.44680418566
23000.0,14174.039164727967
125000.0,188832.6092764324
36768.0,96057.00445808703
92812.0,41498.82487549646
130019.0,109504.90254162981
133417.0,85583.20270097662
92812.0,101848.16265426621
75183.0,61205.03358931726
115000.0,193781.10677069874
111181.0,103010.29895382204
114981.0,100878.10407603296
130000.0,171065.44658652888
142000.0,187737.7167210861
44184.0,31158.69757315982
232029.0,124844.59302021422
25248.0,11074.773005206393
104413.0,88078.7990850118
75410.0,79659.1731234504
95000.0,173348.5101311261
39445.0,41999.895150531345
90491.0,94945.45545915511
62015.0,75179.9254199011
162421.0,57509.98643866701
24838.0,18308.097205901635
55687.0,66282.38665328197
136000.0,148787.28362044814
60328.0,73429.54247441045
81210.0,59995.68977117851
169137.0,90220.06492589483
13053.0,16899.148384517295
127616.0,102317.18717364078
48678.0,44199.75276170698
69609.0,81028.43407637675
139218.0,94123.65870948997
32980.0,17386.65595596629
91198.0,78111.70056652253
15792.0,13283.746690033366
50000.0,79881.13888741189
20332.0,26132.554656949178
7023.0,14433.3500374857
240000.0,143005.63771350932
64968.0,32770.89425387807
105660.0,83212.94867446447
28917.0,22419.655623950355
88492.0,118292.46559948547
8628.0,9456.09621846235
75693.0,60477.57325642369
113694.0,73229.20640902787
22598.0,34635.45460444466
163370.0,127860.2266292494
121000.0,125654.62537714902
81685.0,105131.94420466371
73932.0,87687.95646055933
170000.0,168089.51321602735
165000.0,177344.86457285602
67289.0,64855.22146204364
132518.0,127356.46827530274
250000.0,150067.16489576394
107265.0,135274.54193621626
33428.0,25906.53945974464
94339.0,74673.74645540518
30000.0,41654.932684119805
102907.0,38484.53456752633
58700.0,38626.489455564966
400000.0,147865.64844195617
117017.0,109225.92182974536
155895.0,119163.57698556434
6335.0,7455.627401023422
110000.0,151673.07918104305
81210.0,40582.33039850535
6000.0,16696.790318266205
46496.0,22819.292596656986
29004.0,85746.62716677116
65425.0,87022.88203408307
155000.0,112969.57053049267
300000.0,114667.88333286393
38671.0,59407.46314982076
250000.0,201737.52919216294
54527.0,36997.04954040338
98022.0,88879.9095668601
120000.0,178240.41923413312
5231.0,7130.990899099189
49886.0,46428.80314324745
40000.0,10842.738288021945
115720.0,104058.50741170303
340000.0,204649.99276871688
220000.0,188963.0908080564
83531.0,86662.38412336682
300000.0,23440.165050075477
34872.0,8824.319467958287
64968.0,71698.43387690252
145018.0,99505.95085090648
28189.0,47496.84092085667
25495.0,16049.488780480988
66128.0,53140.95690418817
174022.0,70168.99893963429
61264.0,106589.61362350809
63808.0,65122.45863690836
161191.0,139358.95488624842
75410.0,59828.27612309062
110504.0,86437.7751082896
54449.0,38587.181835986514
190000.0,152079.74597345156
18000.0,52667.68256216394
82906.0,46891.72634928167
62648.0,36609.50843747086
134780.0,108979.5207047968
5000.0,166333.4124500421
83000.0,97063.5072945249
200000.0,144288.15566828166
44052.0,39718.30669656619
69609.0,77705.95544359168
72000.0,18033.283838123316
47658.0,19503.048939642616
68071.0,94803.34992601447
54941.0,57052.94187742837
83000.0,112647.42928225348
225000.0,125497.61376693803
150000.0,134153.941189173
200000.0,133712.2119677426
190000.0,152312.0240797947
46406.0,46051.6955136849
86820.0,81268.47889586542
21662.0,41661.354723844466
92812.0,61634.65258465459
30164.0,42623.90192626055
33434.0,21961.55902591045
140000.0,142395.33579031477
12786.0,9690.659610422013
144000.0,61325.81174905167
75410.0,91568.71076752606
139218.0,69421.58609164019
83531.0,83320.11793297327
116015.0,106754.13676243073
195000.0,184691.38558960063
52207.0,58162.5498704754
210000.0,189257.34887842424
141538.0,89250.09692431783
150000.0,89298.4734074954
160000.0,118693.1526795183
88000.0,184267.7662880785
108566.0,114833.24955695872
29473.0,17285.917291163787
61264.0,68476.40929285424
3336.0,10442.810763625614
325000.0,194064.6025244726
250000.0,143747.79972040077
64968.0,67248.26606278938
100000.0,187597.02119491828
197225.0,66039.03132659009
220000.0,140517.41609604523
177000.0,196593.05438776116
85271.0,61540.74178926591
120000.0,34737.173690891905
30594.0,77908.38979643301
66128.0,76383.43612504691
53095.0,86745.13314324031
185623.0,120789.10153401476
172199.0,52492.884544116416
83000.0,82879.51608518971
29060.0,16013.67119254454
115707.0,106379.31813102566
81685.0,89572.35863263167
100000.0,149537.54382749143
70000.0,55278.67152529087
94846.0,77680.4901723117
176984.0,92428.06213691349
38285.0,60253.36760234353
227850.0,111335.97965035315
61420.0,55159.94431361299
60235.0,92925.39427709658
34804.0,81849.34566171313
130564.0,31815.8208302049
19500.0,24888.47614834652
131598.0,41158.79472683932
75000.0,110465.2649272216
58007.0,53404.1420285767
14987.0,20554.10229854643
380000.0,170381.79926740637
56167.0,38657.77208411427
160000.0,168616.48179760194
85000.0,176697.1636417593
22043.0,34376.347029226185
104154.0,164516.04500765458
46393.0,71286.09688556156
55714.0,35691.827182812915
29397.0,22718.748219728488
67406.0,64519.149116761524
63808.0,70120.04623366905
21987.0,21838.191621750775
145917.0,99200.85332111848
10462.0,8970.276365168611
157243.0,119210.9294526748
228000.0,158909.32516013677
24000.0,75467.91353781433
87131.0,117558.67164209158
175000.0,179526.46713829553
49014.0,43755.23409474227
19649.0,44431.038774866945
480000.0,173425.3803187216
34804.0,41209.87689722855
92812.0,82134.10923576806
214000.0,133141.69587385788
15009.0,23465.651924057238
81685.0,69485.39976242697
104413.0,70449.93280112364
69609.0,59371.26654871569
30164.0,20617.008277103778
400000.0,207580.741025766
57000.0,108859.25802604406
27000.0,41188.71224760105
78890.0,31410.08229664397
145200.0,47052.995103265304
116015.0,95523.5156705584
32767.0,37159.79619086162
149000.0,165214.7502678414
92812.0,85992.85369804558
91013.0,88009.61799186956
110516.0,110633.25766713225
4000.0,31907.451336269372
62648.0,61435.79540195063
3480.0,21148.19177630811
69609.0,57338.95284752081
39445.0,18498.5823881648
179790.0,123229.1101609923
107894.0,93095.73236755547
400000.0,130663.25161071097
68071.0,24673.01033080237
87011.0,79975.48535194871
87011.0,77753.5591262328
75000.0,125654.62537714902
36407.0,36623.144830541685
60000.0,10700.060333470235
175000.0,83009.49272676917
52000.0,104236.89173482552
100000.0,65275.74177298994
167000.0,151805.91000283835
28083.0,43839.988550474176
125000.0,173743.3704913051
40743.0,31347.06201256041
38285.0,62482.53860433396
6400.0,24319.15314411706
117017.0,113866.97650475065
75556.0,41463.01849190365
170177.0,92551.43273825447
36435.0,23645.13786627345
98000.0,123295.5553293745
122534.0,62501.1734535502
69609.0,78725.1373804456
250000.0,152079.74597345156
55401.0,40281.02314472543
185000.0,153835.79039702273
71510.0,107997.97126693872
92576.0,108979.5207047968
165606.0,117929.60270142784
73516.0,95690.50993110421
51053.0,108844.97399495511
45103.0,41678.43190542903
92812.0,83170.13957634974
34804.0,47987.70307626098
162421.0,55054.708094450114
41765.0,59772.13306144711
170000.0,114005.15431908035
73089.0,65162.91809771861
63808.0,67183.43832492032
30000.0,10913.710353904758
59826.0,60118.87565155123
6974.0,7602.852009501161
20923.0,15694.473918517326
94618.0,95825.11609985796
250000.0,140700.18311100896
50544.0,60349.92467311968
122527.0,137984.1338603601
35347.0,27323.08245780107
47566.0,55291.14239759528
116015.0,68635.66751214788
110000.0,73752.5724068721
145000.0,149138.3585146056
170000.0,214076.7580616887
80596.0,86649.31363943568
75000.0,97057.45914266276
48247.0,52525.65936793679
32748.0,49615.907615817334
10636.0,10867.123815505998
6240.0,24020.3276654414
1400.0,22618.976100781336
132057.0,124185.95639073604
70769.0,73782.43814906047
48000.0,14663.086810792644
244510.0,25499.07653649884
38000.0,23904.009588361198
160000.0,214967.8067076567
81870.0,77353.24786471322
161191.0,161484.23076335885
7323.0,20845.963240217625
72229.0,86581.2016409881
50372.0,73554.55656950823
6500.0,30204.698837345964
300000.0,61634.65258465459
63808.0,79326.24625524918
55687.0,68324.38752173097
15692.0,8038.384159126958
129334.0,97343.558861526
81920.0,90982.67659860663
19761.0,18302.35917477577
70769.0,62870.92927159187
510000.0,171065.44658652888
178000.0,202102.74660151036
124029.0,114161.98440282521
4000.0,33381.53209815808
81210.0,29640.327564266623
95299.0,104959.05373275129
106190.0,120113.91276667817
69609.0,50192.12307011912
64968.0,40945.27533863499
200000.0,151265.63671315482
135000.0,211526.31584367566
137162.0,93349.40364233113
29004.0,13020.918607363263
169381.0,131649.08391539703
89815.0,64051.26386300581
14400.0,10880.943331746981
87550.0,91533.23020103062
174022.0,97004.07080713175
122805.0,54575.2945000726
250000.0,189651.20530673565
88368.0,29136.476508848373
3947.0,37692.41458673899
11002.0,21034.67132105369
32000.0,27040.760718306108
14400.0,14242.808353466886
210000.0,179994.58304958147
155000.0,193775.95554165659
60000.0,33291.97083415282
29958.0,17462.1184095136
200000.0,35059.56852852313
147000.0,166333.4124500421
15149.0,30441.33673002394
7989.0,16049.488780480988
225000.0,194064.6025244726
69310.0,101092.47874331297
122527.0,120303.41595373121
525000.0,200135.65897186342
85440.0,50608.320217372166
20000.0,90461.42391890402
1917.0,8367.930907691896
10901.0,16136.644958021825
72000.0,46234.41299221325
20000.0,18751.792571508726
34872.0,31122.471403314183
1756.0,14397.618212693294
78000.0,134836.17422397228
57179.0,91849.65732269551
104015.0,114772.75138661159
34804.0,48251.234917455644
60038.0,40788.271932034666
17975.0,11442.12628720431
161191.0,176888.62338955235
52982.0,27031.9588221499
48000.0,111719.45105945358
41765.0,47839.59036203787
10000.0,21632.094606500923
27570.0,30072.77531763923
232029.0,76685.42081525721
69609.0,58862.26233527656
71575.0,28173.669813557368
49224.0,59278.510232314395
5801.0,58826.95410658569
13922.0,33205.906577097434
24000.0,42285.94055660567
136000.0,196817.80249937365
200000.0,184465.41305432346
88492.0,92533.95627239656
104413.0,81653.65605332052
232029.0,47056.19622022051
43738.0,41828.03196973786
67185.0,103389.61324545575
165000.0,167455.15884689667
203026.0,134455.77884951653
100000.0,148174.07252612585
104413.0,50962.252122253965
120000.0,143005.63771350932
92812.0,94951.33030963801
165000.0,129108.44680418566
98612.0,77703.62380420596
47586.0,29163.833582371914
60000.0,176212.3469480382
4314.0,17462.1184095136
49122.0,47097.89060726528
29060.0,42047.218491023326
52207.0,39907.88963784924
106871.0,119713.5496913449
130000.0,59857.44682902361
70769.0,79975.48535194871
37867.0,31394.133194456186
195000.0,175683.16480681163
66128.0,72423.07756425193
37125.0,68841.3017053381
68449.0,54361.94492494204
360000.0,158446.5818499195
30628.0,37298.22371695019
85000.0,158808.93659678887
46057.0,27087.428820394056
41453.0,43182.15821680487
116015.0,89962.70134173178
73425.0,70679.0745009104
172000.0,120847.05167209223
150000.0,142818.36731025943
63120.0,40104.705583232244
44043.0,52621.75206219718
92812.0,85360.41418179007
110214.0,111684.50922541464
126473.0,134821.98285557062
110000.0,169117.0898332238
400000.0,189952.0346143934
81210.0,61638.13405228746
96000.0,166291.5870369991
60000.0,144288.15566828166
58007.0,86794.28171937581
92812.0,84004.58959394599
117017.0,111563.07328419236
94846.0,72241.50534069365
557968.0,165455.41008110569
48726.0,11865.73506902523
94712.0,97436.76497837293
15000.0,30068.012574073426
300000.0,121112.87299760018
1018.0,13085.464617677926
117309.0,54689.55122199635
80000.0,26919.731461076433
21844.0,15880.33828850976
93639.0,78703.27364146839
92812.0,100533.05001121921
74418.0,82139.78263342018
71001.0,81504.635254197
112334.0,69126.08606110615
55687.0,73778.499203394
5638.0,49629.69628371207
10922.0,9494.135645896584
37445.0,38119.06283263109
92812.0,60305.921260515766
1053.0,18971.7230991043
100000.0,64959.50819356803
42653.0,61164.5279243626
75000.0,169405.63972434215
98612.0,46290.26171378
177889.0,94052.48988138109
60328.0,47597.114028131975
6149.0,80631.43863961232
45873.0,37402.65281442512
80000.0,104397.34989854337
95132.0,93891.78231931666
58007.0,43561.270017007526
58367.0,84136.65364437773
81917.0,46942.153200241264
118593.0,75923.19775383602
48000.0,23697.14308132787
54460.0,39471.15910748422
92812.0,75943.62618334567
37900.0,25504.9678515624
72958.0,91100.8578955043
153436.0,8446.270975831312
462881.0,134955.1818166697
66128.0,70083.39678091477
6192.0,9898.569508950925
85000.0,76328.13423880072
4903.0,10199.702143536277
5560.0,10530.225807299228
124000.0,137248.4997853721
116015.0,41792.91683366126
221000.0,191748.01240885982
240763.0,113537.64425337999
7200.0,77495.52313753356
46406.0,80152.80588576969
76412.0,87110.39351372627
15449.0,32809.71398941223
6362.0,33888.31104700667
39445.0,27973.68151094445
18000.0,23048.03329222098
367582.0,86046.92212194357
81210.0,67682.04489247958
92812.0,85864.40396213252
174022.0,124059.92118056731
41180.0,31596.78777797219
118000.0,69016.98374179543
6572.0,64211.54811233342
6974.0,7602.852009501161
95299.0,143669.6524368586
68600.0,158362.51483542315
64968.0,63638.98466678259
85534.0,74650.86304591931
34804.0,48834.0349373625
60000.0,83177.20703970113
39785.0,54211.3909526161
121815.0,89856.667467666
150819.0,135580.39362789653
46496.0,18079.427451574316
165000.0,191473.560861859
255000.0,167835.1328843447
185623.0,93677.52144589601
205000.0,195242.59918965396
115720.0,38190.15931194478
116733.0,94885.68399546517
78511.0,69130.0928476931
108913.0,116410.11639994425
93972.0,98679.6615837537
121815.0,43661.77495393776
81210.0,55538.41158826635
18204.0,8888.727749078695
25573.0,22716.70267750657
34804.0,36682.526606888
68071.0,70706.5556633485
45246.0,49608.40402581111
74120.0,36094.33617136182
52207.0,72907.03561028573
160000.0,151265.63671315482
98000.0,63429.924042047074
5719.0,5739.680771278498
92812.0,87473.54887767055
150000.0,103870.87960901034
55687.0,65633.85416377735
62180.0,55365.44224112519
87550.0,99199.78073962315
131200.0,152079.74597345156
150000.0,132041.80092712934
14749.0,4389.213089640776
3564.0,4519.494388208045
58007.0,51535.52571897995
56981.0,40472.63907937718
11043.0,8897.675770013093
9787.0,18585.275676083093
24468.0,52224.78286475972
12624.0,25209.657067252527
84315.0,53952.469223296066
70000.0,103050.35781321398
85000.0,72370.09257844496
2666.0,18104.78974304781
47170.0,71815.9212492466
190598.0,118262.37188673737
85271.0,52877.02039263211
34804.0,74611.9432044826
88983.0,72755.74542632478
5197.0,54471.56370417922
240000.0,195642.33061547257
83600.0,89156.45808721312
86246.0,78636.44214578325
21729.0,15682.729101802583
8100.0,5077.362999444551
20000.0,33605.359215387594
78092.0,75603.51032102178
170000.0,144644.0426182655
160000.0,144548.4307834964
140000.0,195817.60706977616
42050.0,23366.40587668115
135530.0,117379.38169861495
131325.0,153018.2419489554
100000.0,39659.326475383205
104413.0,110075.44693534894
99966.0,40147.27024869932
61256.0,27507.285064215343
85000.0,36798.37839090984
63808.0,63911.35979900376
33644.0,47707.450030800464
145000.0,151265.63671315482
42572.0,43153.71402996662
155000.0,135330.38958619596
176984.0,94482.81477036269
92898.0,97742.7488952187
48128.0,92387.53620156884
81210.0,97316.30225788233
70208.0,67636.8343785243
95299.0,114987.85967967391
260000.0,140460.66042223686
90000.0,92514.56237306075
85000.0,121112.87299760018
66259.0,51414.59168174832
149756.0,134545.63440245134
140000.0,152493.96890142112
83102.0,82190.70878953749
113694.0,144774.5447128722
198389.0,166244.27915110163
139218.0,73485.06582407143
153113.0,62333.3882445059
200000.0,109200.44802088395
127616.0,97187.26384754022
36703.0,48949.997095796
24238.0,16412.29414753856
190000.0,169524.59663776445
4650.0,9321.914347872229
130000.0,162104.69550163404
87011.0,97289.70660248269
121815.0,120910.3775097797
60000.0,114627.40518626207
136141.0,167015.50989185684
95132.0,99008.46369335648
14138.0,16481.72945146776
150000.0,131867.30330568564
74249.0,94987.5053923924
106030.0,53545.83529505404
2397.0,15273.804333601709
140000.0,192741.14872600604
20132.0,10651.397262067567
234000.0,176103.43527355825
9986.0,8607.16746142391
29060.0,14597.739504687199
2950.0,4371.3904085828335
200000.0,183837.65910783396
87011.0,80197.9133684488
65236.0,52282.38570795162
300000.0,192301.35469012472
61264.0,87760.60945653806
139218.0,78782.91598697113
50496.0,20658.84797018431
160000.0,155705.43518270523
118754.0,42907.122364766634
26213.0,37131.06030495938
71899.0,22559.198378892088
81210.0,70134.6892470801
85967.0,97852.48411538843
54611.0,63104.974437006036
160000.0,149245.877695239
78890.0,64221.23297529534
200000.0,144288.15566828166
127000.0,142434.71127757852
103000.0,101822.44617838805
92812.0,59503.933109730046
58367.0,103325.83841169796
75410.0,64107.173419011415
60072.0,37933.09303692459
6765.0,46736.40859277457
46406.0,93091.4624271825
100000.0,32574.608410146455
33352.0,58562.19854486407
138621.0,84693.17398493033
92812.0,96568.64850678478
116015.0,84639.84044323284
69744.0,36186.88440852608
83019.0,46881.83275131186
56957.0,17626.37998761018
173849.0,185570.65855805075
60328.0,65093.803551956786
153835.0,78704.05689753573
2965.0,52237.48546105559
39745.0,48668.649217814025
18098.0,33803.96561260233
190000.0,46562.576914747835
2904.0,20670.713209255307
185000.0,192743.2003938517
13949.0,7546.969777238233
32000.0,68153.41204856706
170000.0,135108.7299330254
36089.0,45722.03872543141
123993.0,137999.61142574076
307439.0,123683.77840263146
84512.0,106508.18204696428
87550.0,104588.8642560309
58007.0,80715.13764551531
39298.0,65103.726434290715
43375.0,40840.23977627795
59720.0,46119.170751633064
23203.0,25148.428681189795
28083.0,44598.11305446632
29004.0,35602.26952126099
84568.0,51574.82037404341
17055.0,23130.410612062205
30000.0,119291.88683040865
150819.0,74188.56969814427
104413.0,82177.26014940906
60328.0,79958.58196950851
185989.0,123396.27648425175
95299.0,92437.76795890403
112997.0,81892.21484294158
70769.0,82191.32760022648
150000.0,125368.84361045194
60000.0,46727.948280583405
3787.0,6240.659603541812
116733.0,85330.66262481421
5812.0,21602.593874366692
95515.0,60712.692331835344
85769.0,79463.52749500344
85851.0,68399.54212984047
56847.0,21395.548895849657
15000.0,114096.20949630876
250000.0,104634.93968429668
111975.0,113201.69879492138
200000.0,129108.44680418566
34804.0,40699.360699669756
35144.0,33669.93246564703
21056.0,38168.021002442474
27844.0,42285.9945778073
130474.0,74885.0222163517
48726.0,40433.95176496337
8137.0,8460.734952820987
54212.0,57575.36996365699
275000.0,145994.64069441071
44086.0,36500.146648470734
93972.0,57958.85490351766
91198.0,96047.51300194334
55727.0,14846.741238188959
70938.0,80520.55547731796
68449.0,89996.61714016295
193000.0,166416.73479916828
54611.0,29476.138845751393
87000.0,105760.15609190607
76570.0,75048.9594757353
4000.0,18882.99468601279
36545.0,82629.54447812289
1937.0,2851.7282544882064
155000.0,178560.81838983783
16153.0,12557.927067675191
54457.0,70062.70577782097
2570.0,38665.811290117796
20296.0,21783.07702426218
55687.0,67045.34349088311
3759.0,21801.816584745877
120000.0,170792.8622496312
63808.0,62387.96572657057
75410.0,63621.93806443686
47566.0,64851.80514050677
150000.0,144474.5712542196
160000.0,196764.33240861577
145000.0,193381.92249869969
99844.0,124708.78241912933
18722.0,30924.58962174671
69609.0,58859.009036500065
82000.0,106680.54232377629
123993.0,139350.5722729765
78306.0,99564.09498837174
200000.0,175527.91522309263
245055.0,116240.25631969431
45565.0,36004.152103752036
81210.0,83431.66144534871
300000.0,187090.54236781996
104865.0,33281.86790670487
98612.0,95073.4276107531
153000.0,134655.73698358083
150294.0,89679.64516344623
133000.0,180620.52842352315
155000.0,184691.38558960063
110214.0,82898.43070501559
100000.0,23552.89657775088
73089.0,68115.52267534312
25285.0,34864.40334828278
92812.0,62248.51839322001
149756.0,71907.78814470525
125000.0,151805.91000283835
60000.0,77828.0546776685
149756.0,106575.6326272756
3595.0,18394.987958665406
77575.0,57464.20281129625
42000.0,17620.4078098562
139218.0,110648.1498879082
130019.0,112683.31905921196
8307.0,27550.478644882256
29060.0,25642.34346637397
29060.0,14126.994707321412
39521.0,11478.206570095686
208826.0,107325.74264715552
46496.0,29575.683784601024
116015.0,108947.17902655323
77730.0,69353.5522679772
90194.0,117807.45500469342
250000.0,152079.74597345156
62648.0,55359.945863058325
225000.0,165543.52026335258
31446.0,35311.00026100086
87011.0,64831.58770633858
83571.0,46587.8605635244
46121.0,71862.42663288557
109438.0,107105.26870664035
41786.0,24888.47614834652
72393.0,72368.49331302772
40000.0,24754.301859864587
63808.0,26931.970451878235
37591.0,25839.44485349736
32676.0,32560.840255208335
215000.0,136282.50876018134
175000.0,192743.2003938517
83531.0,63035.34850612131
3343.0,24817.73148331812
41786.0,21570.66112442939
109438.0,99885.7747503134
49886.0,55493.365695776636
55687.0,70303.22880399627
46693.0,79878.66502587851
4417.0,14193.771223020758
35000.0,30956.74542023154
76570.0,71149.9402224762
49886.0,71707.18094610304
49886.0,55301.820022871485
75410.0,96583.30604555614
102725.0,74603.82338062648
200000.0,144288.15566828166
92812.0,88599.07634305513
156000.0,166333.4124500421
95515.0,62729.38433551504
75410.0,30016.1421342754
10922.0,29788.018216370838
600000.0,179094.19704684144
81178.0,38257.91650392394
32020.0,37263.00146937162
30991.0,4257.32334745619
218319.0,68414.71621803717
67289.0,34798.31656569553
106269.0,81677.55906792925
63932.0,35699.45577525584
81210.0,66158.85211372547
88171.0,94166.77701227585
300000.0,152660.13582205845
91652.0,85339.6289435508
120000.0,110477.02755679659
81685.0,63118.619270792915
49427.0,37544.64609576062
60328.0,63823.32292143661
64968.0,80239.4868710639
4214.0,12494.190804784683
115000.0,111335.97965035315
196988.0,85640.8031375443
75410.0,77046.12036057179
140417.0,48024.04641914039
50118.0,89319.26798345971
33966.0,28723.278040997317
87011.0,55436.70827453566
29825.0,15702.87533956341
28083.0,39369.158735383004
54457.0,86453.70550939106
22467.0,31336.70251137917
133417.0,112077.21369254573
53367.0,70951.22004546296
58471.0,76356.12267186379
42125.0,59262.78241039599
200000.0,82930.79295849527
94000.0,95346.75529347072
62648.0,49594.61388000605
72000.0,54231.709871601866
168815.0,106575.6326272756
145018.0,92895.7072587442
99500.0,147776.0294487883
139218.0,72341.33649134255
130000.0,151673.07918104305
138000.0,151673.07918104305
190000.0,186400.63156106533
75410.0,62817.36198281796
17690.0,29448.349514380723
13949.0,20845.963240217625
75410.0,86047.35559744116
60328.0,80153.14910569086
34804.0,34197.22005444113
500000.0,21584.793791599976
185000.0,157177.016438371
60755.0,66396.7429625249
92812.0,59997.4777239315
185623.0,90835.96324829344
105000.0,91271.48671059079
30687.0,25279.705835852987
81210.0,80029.30161368963
56847.0,64474.774423827635
73669.0,68409.03816557096
185000.0,108859.25802604406
49306.0,60776.42691209571
60235.0,38947.927408760894
52207.0,67981.47250000633
55346.0,66535.015317997
78462.0,45155.18004796026
65409.0,63622.895229357666
54633.0,60089.59197439471
116015.0,112412.52551220042
88492.0,106598.21011226848
8509.0,14678.8746911863
132000.0,110385.0239175541
266834.0,48027.8349894176
105790.0,107086.89561243463
580000.0,148168.5122594688
91652.0,68712.71065059688
48726.0,52364.5654509621
115720.0,77415.02567753363
58007.0,77065.3867222405
26198.0,40183.785466584486
40605.0,40730.24549971669
8554.0,83929.26434724111
11370.0,31778.34847309243
5990.0,63999.90096464644
148221.0,116524.8573452024
150000.0,186029.00048629814
11856.0,22234.779086676335
59167.0,91321.49784272564
22271.0,20695.819876206926
32020.0,71576.14705240341
125000.0,144548.4307834964
81210.0,87468.66705497418
83531.0,81596.74858792484
110000.0,130455.88302223025
31583.0,21882.833040384903
250000.0,205021.13303610645
27321.0,21994.661679390367
34804.0,82807.7716975901
121000.0,151673.07918104305
92812.0,47035.690469319816
58007.0,24787.032427252405
260000.0,161618.5806059856
95299.0,101516.13977659724
90353.0,81981.51920176463
110000.0,151265.63671315482
2088.0,26752.92244270242
1162.0,36736.962935394025
52207.0,67315.88311842731
50000.0,19956.28198882026
375000.0,180869.52472861792
44550.0,92541.1920250576
82809.0,71072.36717113519
102669.0,27113.555955591175
60000.0,79543.44154651868
6221.0,106685.40866797727
102142.0,105932.6710694496
51484.0,67260.77304790124
81210.0,71244.35292152775
32484.0,19299.314543220717
25267.0,23130.410612062205
200000.0,162802.1820290461
48726.0,63269.376210282695
139218.0,84907.407163676
91215.0,93730.32515875642
92812.0,75913.29337192362
62460.0,60921.04982633802
55687.0,50277.266489994574
58007.0,77453.98502483472
129000.0,152676.13832879032
300000.0,186029.00048629814
17030.0,8804.963962522068
6059.0,16363.802974646027
127677.0,102312.84153395213
4093.0,55291.51296269736
2182.0,6164.847158539727
139218.0,86618.5789932112
45177.0,38618.437668495826
116733.0,86652.96707042269
34035.0,105824.18017660693
63808.0,39806.981267991796
3208.0,10250.036459419673
69609.0,63436.30570336035
175000.0,151600.40850087453
68225.0,39276.08759685637
117657.0,73782.70744046204
83882.0,14463.346844127269
30140.0,33697.63149296891
208562.0,158929.56753096433
182000.0,158019.5111614054
150000.0,171449.34566723506
43565.0,61040.23542002591
73516.0,71410.098339303
210000.0,196117.74299928217
69000.0,22845.720999884026
145018.0,123880.47392464563
46406.0,23158.716903654706
47566.0,81708.01031091681
92000.0,104236.89173482552
61461.0,31883.703719731388
83531.0,74228.83720802309
75410.0,29014.868590667258
58007.0,69039.52581861962
47196.0,19786.02138364768
151000.0,159515.7789158138
136141.0,57628.91485653197
192000.0,155466.50140318883
88171.0,90462.79045548059
254000.0,182827.7198817999
122527.0,105131.94420466371
190598.0,91660.54796734652
102106.0,91532.75472868414
38285.0,73595.30111034612
75410.0,38634.488854496965
104015.0,74822.42468012896
54611.0,27619.152868291687
115667.0,97898.26998672936
4000.0,19956.28198882026
275000.0,158362.51483542315
162500.0,145734.24850611005
58007.0,49723.89266789382
55687.0,49836.10136212843
3495.0,7924.63968119527
109054.0,113834.89061871919
134780.0,112637.55477919726
176000.0,186029.00048629814
13849.0,12366.035601195077
9281.0,17872.88456227623
1198.0,24319.15314411706
25485.0,16299.525084339828
9299.0,7277.403171976896
92812.0,91322.03717288264
99210.0,46285.31385043968
100000.0,173743.3704913051
148791.0,135135.23926240645
13922.0,52323.33274063796
215000.0,156548.85674855317
64194.0,96503.3436503138
87011.0,94436.61290697333
4293.0,53937.38797753191
22121.0,23507.395051745407
225000.0,206533.9985296432
34804.0,108921.26220875737
80000.0,74415.8529400452
3715.0,9293.19676900205
59282.0,30188.865354117137
9171.0,12085.054084335115
21166.0,32770.89425387807
95955.0,127901.30894448659
76570.0,97740.20826276505
66360.0,66015.77775778745
118443.0,119539.95687146537
3787.0,34179.72878213237
116240.0,33752.24867736376
54457.0,92437.76795890403
16967.0,33642.81934439447
24958.0,55156.793103021446
20883.0,34391.48604200941
134000.0,121112.87299760018
125250.0,103486.0552804199
100000.0,135735.5994231083
9952.0,11898.108183226757
11286.0,29134.566277895814
30000.0,49413.0300968103
40684.0,59524.61209359234
69609.0,80797.69298979173
34804.0,72656.00790244242
2668.0,62888.02427285494
42412.0,64218.12656603605
139218.0,101085.90050180211
117017.0,111374.64573453393
90707.0,45935.79664513621
150819.0,71601.71726121054
116015.0,74188.56969814427
87328.0,38721.562194458056
81210.0,70870.99499982287
600000.0,162541.33338867303
195000.0,135218.36958101438
40593.0,17138.025157159187
2900.0,19632.725809888634
63808.0,87930.18040529851
74249.0,57641.486357535054
23966.0,14020.155953311118
87011.0,39393.5484051726
83531.0,110270.62215375427
400000.0,186490.9885966027
111374.0,100819.05214289228
95000.0,73566.35322135889
63808.0,96179.16339452476
97452.0,72862.45998733421
83227.0,66494.74547582785
75410.0,92533.99470492275
44933.0,53062.1956340418
87011.0,58123.74615171089
102106.0,85558.40496428509
350000.0,163469.97316915766
17738.0,26437.00468304001
98827.0,77040.54367346097
237830.0,57509.98643866701
120000.0,102155.66383423339
250000.0,133141.69587385788
81000.0,89189.8948722889
82378.0,60530.935995430824
300000.0,180273.09432877414
110000.0,91418.72441545033
10731.0,102020.80142098544
58508.0,105959.99624330513
116015.0,84926.43821273149
175000.0,151805.91000283835
156860.0,91511.90646471968
85000.0,74791.10248762582
118443.0,93730.32515875642
92812.0,85785.12105826547
136141.0,85762.02681275779
27109.0,50608.320217372166
35584.0,48033.55079179059
108710.0,92733.97181651497
109160.0,71607.0680890666
79108.0,43136.134207919604
40483.0,54646.74401123059
74251.0,27632.886059735498
46638.0,83385.25778691289
60328.0,62811.27530089437
100000.0,75467.91353781433
65000.0,47788.52991676859
209231.0,49578.00125847553
130000.0,170442.23238096436
27570.0,30072.77531763923
185000.0,65284.03158386649
240000.0,57893.05454725659
89933.0,67649.66940726164
123000.0,111909.99073217777
162421.0,83170.09026802656
87011.0,84889.54657350284
80254.0,97717.36712548813
53367.0,82083.26006192683
69841.0,77615.97914293165
73375.0,66396.7429625249
69609.0,97282.58643277091
210788.0,172554.31552461878
51071.0,46407.59154409796
124136.0,113211.09956596921
27844.0,12864.93734374584
4942.0,37659.13774087822
34700.0,35003.977403797726
14327.0,3942.2070020996234
64000.0,44664.785518971396
80000.0,48730.27778990488
122000.0,131728.14409931994
170276.0,140769.71184288894
56167.0,48617.23516371395
201000.0,6338.240175801819
21605.0,58152.86044570272
400000.0,170365.99476515665
13107.0,11087.098164565065
98612.0,65693.27209490641
21844.0,33235.04573137874
500000.0,157590.68497171625
110214.0,96458.69426878616
81262.0,114564.25124675204
20883.0,29933.447107328833
11624.0,6828.719195040381
69609.0,38835.74729456427
140000.0,92691.69249765675
107000.0,165214.7502678414
75410.0,67710.00229459102
170000.0,62855.16094180315
156563.0,116807.09263219441
81210.0,96495.84270255397
61264.0,86649.31363943568
54580.0,48529.26615743812
42125.0,57495.59254888513
6936.0,35519.278951165164
117661.0,18898.549619454512
18598.0,8446.270975831312
70000.0,46328.207263336015
78595.0,52734.90848557799
3874.0,5533.187596139382
130000.0,103870.87960901034
116015.0,69926.15299068003
130000.0,188961.96830533806
58946.0,54035.0567867116
27306.0,31921.896114380586
75000.0,78897.2162159866
80050.0,79175.49518248677
235000.0,189768.8438278362
137659.0,141870.93005875306
21844.0,46942.153200241264
100000.0,189768.8438278362
13922.0,23281.040027532606
105000.0,129774.0859607946
133417.0,58171.92117206257
71168.0,68473.44779832393
52207.0,83529.55324453689
272283.0,43560.095656159414
102106.0,91756.92338322342
258000.0,163085.0617008841
120000.0,72214.38471008441
43139.0,17558.41086178974
204212.0,100973.79521070697
165000.0,194021.30004815923
150819.0,64554.52421344327
71510.0,85208.75355744488
46849.0,23915.638651035122
118593.0,76176.79873277411
24028.0,23219.40988072657
231441.0,124185.95639073604
150819.0,97533.46135009071
100973.0,78907.36487909193
1162.0,11427.953711464332
68071.0,151821.25718581726
87550.0,99230.96467441635
148499.0,70801.35261530172
29478.0,20156.25368925193
121513.0,70214.11932432582
104616.0,18806.97272931077
29004.0,42787.1003794219
92812.0,75424.33839842428
56847.0,36063.857377199456
52308.0,37811.52323129394
49122.0,55331.37834603656
70000.0,61939.41493822158
180000.0,179102.16509764426
69609.0,67752.33718336644
3132.0,94497.2439398984
22800.0,6838.931293826841
88492.0,111405.4243862431
21416.0,20035.606328027825
65319.0,96835.46101412494
135000.0,145757.88333675373
69609.0,52696.49084981304
24410.0,35699.45577525584
28759.0,19812.12534938102
67851.0,92486.83845939183
3836.0,17581.27561583891
17971.0,91756.92338322342
58007.0,41568.15262911437
166172.0,17676.44999262169
13614.0,24762.736442582787
36407.0,35821.801825359646
73361.0,51561.41144071828
98612.0,81993.42558938947
5370.0,8717.211332849643
149522.0,121438.82994066845
67289.0,68352.48549862615
156000.0,192741.14872600604
10000.0,141904.6571871998
46496.0,25443.67373562242
34804.0,45732.55630136504
46464.0,72723.57253777282
66845.0,34742.72097764774
70000.0,85939.06057557631
250000.0,190691.10164737076
42925.0,44360.13098898772
131000.0,125654.62537714902
58007.0,71185.09478396668
17605.0,15078.52741720128
58007.0,49150.60724347612
250000.0,173811.778682796
74761.0,70190.6393324675
160000.0,166291.5870369991
4301.0,7619.576278684059
92812.0,54071.985397058415
81870.0,69959.3628379716
39576.0,71147.06967738047
92812.0,111116.20008851097
140000.0,177216.80562212097
88368.0,34680.73628574613
47170.0,76844.20238000357
125000.0,155532.40068695054
38551.0,25528.1013841922
80254.0,65609.55176753951
16700.0,58657.80365950456
20883.0,22761.706212798963
105353.0,37840.88551010307
58120.0,58581.307791057014
142000.0,184267.7662880785
46406.0,44544.59091385038
174000.0,187090.54236781996
72958.0,34647.24113302025
60328.0,84203.21853578274
40605.0,55132.29376509205
5992.0,24789.04766520348
82906.0,67547.93299351865
13929.0,54121.18757242577
70113.0,73866.60477264557
250000.0,192867.6010445841
139218.0,71807.87364503568
75410.0,93651.42948718168
26735.0,29164.75796512509
80000.0,177390.75424254913
168000.0,184453.96261623962
116015.0,51389.73608137364
155000.0,144863.72172771764
61264.0,102258.65970463981
34544.0,44803.611644325
47932.0,20584.137095727776
81210.0,55658.516644859155
58541.0,43185.96539638047
475000.0,175030.22310149122
154991.0,137006.93650136003
101674.0,50414.93073438255
100000.0,151805.91000283835
105000.0,186029.00048629814
34804.0,63020.13248770835
73375.0,82374.76364773062
140000.0,151805.91000283835
25523.0,42354.17730412735
109054.0,74084.05392898877
98827.0,84462.44863571545
60000.0,19117.28416027641
63808.0,81457.59109629627
